account_id,customer_id,branch_id,account_type,currency,open_date,close_date,status,balance
ACC-100963,500290,BR101,Money Market,USD,"Feb 05, 2017",28/08/2025,Closed,56147.98
ACC-100104,500446,BR106,CD,USD,20231031,,Active,60037.58
ACC-100582,500043,BR107,Savings,USD,30-04-2025,,Active,1277.95
ACC-100736,500115,BR117,Checking,US$,"Feb 28, 2024",,Dormant,4506.23
ACC-100074,500513,BR110,Checking,USD,03/02/2024,,aCTIVE,38910.45
ACC-100085,500382,BR116,Money Market,USD,15/10/2018,2025-06-14,Closed,60282.3
ACC-100072,500131,BR105,Savings,USD,06/02/2019,,Dormant,75321.31
ACC-100865,500647,BR111,Money Market,US$,06/25/2023,,   Active   ,13995.9
ACC-100637,500072,BR112,Money Market,USD,"Jun 30, 2026",,Active,18602.63
ACC-100711,500434,BR112,Money Market,US$,02/07/2018,,Active,41969.87
ACC-100561,500178,BR112,Savings,USD,"Dec 28, 2019",,Active,31139.54
ACC-100951,500389,BR112,Savings,USD,2026-04-22,,active,2222.01
ACC-101028,500292,BR104,Savings,USD,"Feb 09, 2017",,Active,55460.75
ACC-100812,500562,BR105,CD,USD,20200928,07-07-2024,Closed,NULL
ACC-101279,500209,BR108,Checking,USD,"May 05, 2023",,   Active   ,77662.42
ACC-100475,500320,BR110,Savings,USD,20260616,,Frozen,72451.33
ACC-100407,500501,BR108,money market,USD,04/10/2023,,Frozen,65080.58
ACC-100653,500288,BR110,Checking,USD,06-03-2019,,Active,10903.42
ACC-101182,500728,BR104,cHECKING,USD,"May 24, 2023",20230813,closed,29863.13
ACC-100804,500041,BR106,Checking,usd,20170825,,Active,84953.67
ACC-100977,500668,BR102,CD,USD,"Dec 26, 2020",,Dormant,74549.57
ACC-101024,500100,BR116,Checking,USD,08/19/2024,,Active,N/A
ACC-100777,500319,BR111,Savings,USD,2022-05-22,,Active,6926.65
ACC-100505,500213,BR105,Savings,USD,12/06/2025,,Active,82483.62
ACC-100756,500503,BR115,   Savings   ,USD,2018-04-06,,DORMANT,35520.31
ACC-100233,500500,BR113,Checking,USD,06/26/2023,,Active,42358.84
ACC-100733,500738,BR111,SAVINGS,USD,2020-03-14,,Active,n/a
ACC-100180,500098,BR110,Savings,USD,25/08/2017,,Dormant,79166.58
ACC-100453,500215,BR106,Checking,USD,2024-03-25,"Mar 29, 2025",Closed,69301.34
ACC-100993,500681,BR100,Checking,USD,20250831,,Active,10218.45
ACC-101128,500648,BR108,Savings,USD,04/11/2020,,Active,35512.69
ACC-100764,500494,BR116,Checking,USD,"May 29, 2019",,Active,26327.17
ACC-100318,500455,BR110,Savings,usd,03-11-2022,,Active,81218.11
ACC-100684,500364,BR107,Savings,USD,2021-01-04,,Active,19499.99
ACC-100558,500035,BR103,CD,USD,"Dec 17, 2021",,Active,16014.05
ACC-101242,500556,BR102,CD,USD,"Sep 19, 2022",,Active,1051.77
ACC-100286,500181,BR101,Checking,USD,21/11/2019,,Active,37188.24
ACC-100632,500184,BR109,CD,usd,"Jan 13, 2023",,aCTIVE,18954.9
ACC-100920,500256,BR108,Money Market,USD,2018-11-12,,Dormant,32334.9
ACC-100287,500600,BR117,cd,USD,20240211,,Active,13996.95
ACC-100981,500386,BR113,Money Market,USD,30/11/2019,,Active,58421.65
ACC-100679,500186,BR114,Money Market,USD,05/17/2017,,Active,27739.65
ACC-100868,500466,BR105,Savings,USD,-,,Active,58393.83 usd
ACC-101233,500492,BR109,Savings,USD,11/19/2022,,Dormant,35353.52
ACC-100454,500006,BR101,Savings,USD,2025-01-01,,Active,991.27
ACC-100392,500492,BR112,Money Market,USD,05/09/2021,,Active,31984.86
ACC-100324,500618,BR117,CD,USD,"Sep 25, 2021",,   Frozen   ,80548.12 usd
ACC-100148,500682,BR112,Savings,USD,2020-02-25,,Active,74429.32
ACC-100373,500229,BR102,CD,USD,2024-05-06,,ACTIVE,45144.61
ACC-101237,500121,BR103,Savings,USD,2025-02-15,,Active,35128.07
ACC-100434,500175,BR111,Money Market,USD,2025-05-27,,Dormant,56518.88
ACC-101177,500718,BR111,Savings,usd,07/24/2024,,Active,65322.31
ACC-100572,500461,BR104,Money Market,US$,"Sep 05, 2021",,Active,44588.31
ACC-100381,500749,BR104,Savings,USD,,,Active,54302.64
ACC-100123,500243,BR106,mONEY mARKET,USD,"Aug 07, 2025",,Active,14479.52
ACC-100724,500444,BR107,Checking,USD,2016-08-16,,Active,54295.46
ACC-101097,500091,BR112,Savings,USD,2026-03-20,,Active,50757.94
ACC-100203,500148,BR100,Checking,USD,20231027,,Frozen,NULL
ACC-100459,500024,BR107,Money Market,USD,2019-09-13,,Active,54532.07
ACC-100885,500662,BR112,Money Market,USD,"Aug 01, 2025",,Active,84322.96
ACC-100652,500014,BR116,CD,USD,20190825,,Dormant,82951.46
ACC-100986,500306,BR111,Money Market,USD,2025-05-22,,Active,63863.94
ACC-100893,500454,BR110,Checking,USD,"May 13, 2024",,Active,56672.39
ACC-101272,500466,BR108,Savings,USD,29/08/2016,,Active,37553.09
ACC-100046,500299,BR100,Checking,USD,2016-10-23,,Frozen,46689.07
ACC-101197,500008,BR110,MONEY MARKET,USD,12/22/2024,,Active,43602.74
ACC-101143,500202,BR106,CD,USD,20181123,,Active,46046.58
ACC-100408,500746,BR114,Checking,USD,03/18/2026,,Dormant,51361.29
ACC-100730,500416,BR114,CD,usd,2018-05-01,,Active,82589.46
ACC-100853,500166,BR104,Money Market,USD,23/10/2016,,Active,3417.18
ACC-101162,500349,BR106,CD,USD,20220909,,Active,74671.28
ACC-100362,500255,BR100,Checking,USD,12/08/2023,,Dormant,53567.15
ACC-100665,500323,BR115,CD,USD,2025-11-11,,Active,62924.11
ACC-100388,500653,BR106,  Savings   ,usd,2017-10-08,2021-12-03,Closed,"$7,349.51"
ACC-101262,500686,BR115,Money Market,USD,"Jun 01, 2021",,Active,5518.09
ACC-101236,500590,BR115,CD,USD,2019-09-04,,Active,14295.32
ACC-100989,500471,BR108,   Checking   ,USD,03/03/2021,,Active,76798.92
ACC-100514,500380,BR103,CD,USD,2025-11-03,,Active,26357.04
ACC-100312,500001,BR103,CD,USD,"May 20, 2025",13-07-2025,Closed,54745.23
ACC-100896,500467,BR100,CD,USD,2022-09-13,,Active,n/a
ACC-100334,500194,BR105,Money Market,USD,26-11-2018,,Dormant,53843.6
ACC-100144,500146,BR104,Money Market,USD,2021-01-14,,Active,27913.3
ACC-101013,500551,BR117,Money Market,USD,20191012,,Active,63057.75
ACC-100645,500284,BR105,Money Market,USD,20190405,,   Active   ,47434.92
acc-100932,500301,BR109,Checking,US$,20180625,,Active,51381.89
ACC-100758,500522,BR114,Savings,USD,21-04-2021,2026-07-07,Closed,48417.09
ACC-100894,500665,BR106,Checking,USD,06-11-2016,,Active,39913.8
ACC-101045,500111,BR107,CD,USD,20250409,,ACTIVE,29390.81
ACC-100510,500525,BR100,Savings,USD,20200906,,Active,16922.5
ACC-101243,500020,BR103,Checking,USD,2019-04-07,,Active,45832.69
ACC-100429,500220,BR110,Checking,USD,"Sep 15, 2025",,Active,57475.68
ACC-100435,500009,BR107,Checking,USD,2021-11-28,,Active,75915.69
ACC-100043,500345,BR101,Savings,USD,22-10-2023,,Active,70477.57
ACC-100911,500547,BR114,Checking,usd,20180101,,Active,"$47,870.16"
ACC-101048,500587,BR106,Savings,USD,"Apr 03, 2026","Jun 24, 2026",Closed,56904.93
ACC-101194,500115,BR100,CD,USD,20/01/2024,,Active,
ACC-101198,500338,BR113,Money Market,USD,20240611,,Active,null
ACC-100446,500684,BR103,Checking,USD,10/30/2022,,Active,48883.17
ACC-100055,500057,BR117,Checking,USD,"Oct 11, 2019",,Active,65729.18
ACC-100969,500673,BR109,CD,usd,04/26/2020,,Dormant,39522.7
ACC-100053,500248,BR114,Checking,USD,"Jul 28, 2021",,Active,61598.27
ACC-100473,500254,BR100,Checking,usd,null,,Active,42092.25
ACC-101212,500109,BR102,CD,USD,2025-02-10,,Active,19547.68
ACC-101085,500031,BR112,Checking,USD,07-06-2021,,Dormant,60777.05
ACC-100620,500418,BR100,CD,USD,27/01/2022,,Active,69813.27
ACC-100693,500366,BR107,unknown,USD,07/07/2022,,Active,10152.85
ACC-100089,500577,BR116,Money Market,USD,"Jun 08, 2025",29/04/2026,Closed,76917.03
ACC-101010,500680,BR108,CD,USD,20200706,,Active,3283.1
ACC-100064,500681,BR114,Savings,USD,02/13/2019,,Active,27259.74
ACC-100691,500679,BR114,CD,USD,20240420,20250701,Closed,61549.88
ACC-100611,500615,BR101,Savings,USD,16/11/2018,,Active,84249.82
ACC-100746,500099,BR112,Money Market,USD,"Apr 07, 2026",,Active,83568.47
ACC-100155,500631,BR110,Money Market,USD,NULL,,Active,22294.1
ACC-100705,500601,BR109,Savings,null,15/08/2021,,Active,66132.7
ACC-100486,500465,BR104,CD,USD,2016-10-08,,Frozen,49679.35
ACC-100881,500564,BR113,CD,usd,20190823,21-11-2025,Closed,2366.2
ACC-100657,500461,BR112,cd,usd,13-01-2026,,Active,2974.13 usd
ACC-100536,500161,BR116,Savings,USD,20160924,,Active,26705.94
ACC-100096,500609,BR102,Savings,USD,2018-04-15,12/05/2025,Closed,36997.23
ACC-101115,500235,BR108,Checking,USD,N/A,,Active,68821.15
ACC-100110,500665,BR114,Savings,USD,2023-10-29,19-05-2024,Closed,62228.03
ACC-100249,500239,BR104,Savings,US$,"Oct 02, 2016",,Active,38762.02
ACC-100419,500427,BR102,CD,USD,05/09/2024,,Active,NULL
ACC-100343,500478,BR109,Checking,USD,04/13/2018,,Active,15647.09
ACC-100850,500045,BR117,Checking,USD,2020-11-08,,Active,14810.71
ACC-101214,500368,BR116,CD,USD,19/07/2020,,Active,69706.47
ACC-100936,500584,BR106,,USD,09/14/2019,,Active,26975.94
ACC-101132,500168,BR105,savings,USD,22-07-2022,,Active,10070.84
ACC-100087,500274,BR102,Checking,USD,2019-11-12,,Active,32294.41
ACC-101274,500698,BR112,Savings,USD,10/24/2024,,Active,28651.4
ACC-100630,500159,BR102,unknown,USD,05/26/2017,,Active,70276.62
ACC-101036,500446,BR107,Checking,UNKNOWN,"Oct 10, 2016",,Active,61646.59
ACC-100917,500507,BR106,Money Market,USD,"Dec 11, 2016",,Active,68684.21
ACC-100152,500045,BR111,Checking,USD,2019-09-25,,Active,47714.64
ACC-100928,500000,BR111,Savings,USD,"Aug 03, 2019",,Active,33724.03
ACC-101032,500632,BR103,Checking,USD,20240326,,Dormant,14710.59
ACC-101114,500271,BR117,Savings,USD,"Oct 01, 2019",,Dormant,6924.57
ACC-100052,500075,BR102,n/a,USD,"Aug 21, 2020",27/08/2020,Closed,70071.83
acc-100477,500194,BR103,Savings,USD,20251023,,Frozen,31986.88
ACC-100631,500242,BR106,Checking,USD,05/19/2022,,Active,32023.2
ACC-101192,500713,BR101,Checking,US$,03/30/2019,,Active,2028.72
ACC-101033,500522,BR117,Savings,USD,19/12/2025,,Active,44713.08
ACC-100910,500340,BR113,Money Market,USD,08/23/2021,,Frozen,30675.05
ACC-100636,500054,BR117,CD,USD,"Jun 15, 2018",29/10/2020,Closed,14204.63
ACC-100263,500691,BR116,Money Market,usd,"Apr 11, 2026",,Dormant,393.69
ACC-100788,500582,BR111,Checking,usd,"Apr 16, 2022",,Active,59330.18
ACC-100721,500075,BR115,Checking,USD,24-10-2022,,Active,8301.55
ACC-100570,500341,BR113,Money Market,usd,"Aug 22, 2022",,Active,70351.19
ACC-100447,500555,BR108,Checking,USD,2017-06-20,07/30/2022,Closed,36483.1
ACC-100497,500741,BR114,Checking,USD,20/01/2022,20230703,Closed,31536.64
ACC-100490,500324,BR116,Savings,usd,"Oct 31, 2025",,Active,50024.1
ACC-100639,500263,BR113,CD,USD,20230911,,Active,38309.56
ACC-100913,500462,BR114,money market,USD,2022-05-10,,Active,72821.29
ACC-100803,500177,BR100,Money Market,USD,20190929,,   Active   ,9537.44
ACC-101014,500031,BR114,Savings,usd,04/11/2025,,Active,55075.4
ACC-101078,500021,BR108,Checking,usd,"Dec 03, 2016",,Active,3996.67
ACC-101007,500038,BR108,Checking,USD,06/18/2020,,Active,30062.95
ACC-101049,500495,BR113,CD,USD,12-07-2024,,Active,78652.48
ACC-100109,500604,BR104,Money Market,USD,2017-12-13,,Active,70064.21 usd
ACC-100504,500203,BR100,Money Market,USD,20230406,,Active,81469.09
ACC-100949,500587,BR102,Checking,USD,16-04-2019,,Active,11761.53
ACC-100716,500537,BR115,Checking,USD,10/22/2021,,Active,19923.65
ACC-100488,500562,BR105,Checking,USD,2023-02-11,,Active,36803.0
ACC-100725,500639,BR106,null,USD,20210720,,Active,47668.83
ACC-100668,500007,BR104,Savings,USD,09/06/2018,,Active,56565.14
ACC-100303,500053,BR105,Savings,USD,10/31/2025,,Active,15035.28
ACC-100726,500502,BR116,Savings,US$,20/05/2017,,Active,77192.03
ACC-101190,500640,BR117,Savings,USD,04-05-2022,,Dormant,8466.79
ACC-100635,500296,BR112,Money Market,USD,01/06/2025,,Closed,55026.58
ACC-101006,500606,BR108,Savings,USD,29-11-2018,,Active,23896.73
ACC-100676,500508,BR105,n/a,USD,2020-11-06,,Active,14863.9
ACC-100463,500703,BR106,Checking,USD,30/01/2017,,Active,8174.03
ACC-101258,500144,BR100,Savings,USD,17/05/2021,,Dormant,71750.23
ACC-100685,500063,BR104,Money Market,USD,-,,Active,1785.81
ACC-100360,500316,BR116,Checking,USD,02-12-2017,,active,56414.04
ACC-100137,500706,BR101,Savings,USD,20230313,,Active,34530.4
ACC-100895,500498,BR101,Savings,USD,15-02-2019,,Dormant,17909.13
ACC-100005,500349,BR110,Savings,USD,2021-01-26,,Active,30864.2
ACC-100823,500639,BR110,Money Market,USD,"May 21, 2020",,Active,63774.09
acc-100791,500480,BR116,Savings,USD,27-09-2024,,active,14196.14
ACC-100239,500717,BR102,Checking,USD,20221220,,Active,34078.91
ACC-100692,500024,BR107,Checking,USD,10/04/2024,20260125,Closed,5964.66
ACC-100284,500654,BR102,Savings,USD,20181023,09/23/2025,Closed,29410.04
ACC-100593,500700,BR116,Savings,USD,20180905,,Active,63200.47
ACC-100335,500197,BR111,  Money Market   ,USD,"Jul 07, 2025",,Active,44066.84
ACC-100656,500070,BR108,Money Market,USD,08/08/2019,,Active,46644.51
ACC-101172,500512,BR115,,USD,20190911,,Active,10917.72
ACC-100860,500641,BR100,Savings,USD,20260512,,Frozen,76564.88
ACC-101181,500255,BR102,Money Market,USD,"Apr 04, 2023",,Active,61614.19
ACC-100836,500732,BR113,Checking,USD,"Oct 21, 2021",,Active,46383.68
ACC-100281,500531,BR105,   Checking   ,USD,"Jul 12, 2022",,Dormant,45564.9
ACC-100793,500278,BR100,Checking,USD,20251011,,Active,4769.23
ACC-100057,500303,BR103,Money Market,USD,10/28/2018,,Active,27471.42
ACC-100122,500263,BR103,Checking,USD,13/01/2023,,Active,8675.56
ACC-100250,500719,BR109,Checking,USD,20250129,,Active,16659.27
acc-100569,500622,BR106,CD,USD,2024-04-18,,Active,67550.44
ACC-100617,500226,BR105,Money Market,USD,2017-09-09,,Active,45732.42
ACC-100783,500540,BR104,Checking,USD,2025-11-22,,Active,5983.47
ACC-100709,500532,BR111,Savings,usd,20181011,,Active,48939.24
ACC-100503,500391,BR105,CD,USD,17-02-2026,,Active,43112.01
ACC-100612,500252,BR107,Savings,USD,07/08/2021,,Active,26126.96
ACC-101016,500713,BR114,CD,USD,20/10/2022,,Active,75565.15
ACC-100817,500332,BR117,Money Market,USD,06-12-2019,,aCTIVE,44704.98 usd
ACC-100689,500381,BR100,Savings,USD,06-06-2017,,Active,54195.65
ACC-100267,500151,BR114,Checking,USD,06/30/2024,,Active,17765.25
ACC-100598,500357,BR113,Money Market,USD,06-08-2019,,Frozen,NULL
ACC-100890,500029,BR117,Money Market,USD,2022-09-06,,Active,67629.08
ACC-100153,500732,BR100,Savings,USD,2025-05-08,,Active,17281.95
ACC-100830,500652,BR108,Savings,USD,05/02/2018,,Active,7119.26
ACC-101096,500055,BR115,CD,USD,20240329,,Active,35297.86
ACC-100304,500391,BR103,CD,USD,02/02/2026,,Active,77573.47
ACC-101069,500001,BR111,Checking,USD,05/03/2017,,Active,44994.44
ACC-100181,500647,BR109,Checking,USD,23/10/2021,20220608,Closed,83150.38
ACC-101009,500199,BR112,Checking,null,20260423,,Active,62207.19
ACC-100311,500515,BR102,Money Market,usd,05/10/2018,,Active,49568.62
ACC-100323,500264,BR102,Money Market,USD,2016-12-13,,Active,74471.31
ACC-101193,500655,BR101,unknown,USD,2018-12-23,,Active,10628.62 usd
ACC-100090,500645,BR113,Savings,USD,20230804,,Active,73763.17
ACC-100819,500027,BR108,Money Market,USD,20170321,,Active,27184.04
ACC-100325,500184,BR100,Savings,USD,08/01/2021,,Active,42016.92
ACC-100045,500469,BR106,Money Market,USD,29-02-2020,,Dormant,61324.27
ACC-100862,500543,BR106,Money Market,usd,20201108,,Active,65877.27
ACC-101200,500113,BR100,Checking,USD,"Oct 20, 2020",,Active,78130.83
ACC-101287,500744,BR102,CD,USD,31-03-2020,"Jan 23, 2026",Closed,51121.81
ACC-100307,500184,BR102,CD,USD,2017-02-09,2022-10-01,Closed,6071.2
ACC-101284,500020,BR112,Savings,usd,16/09/2016,,Active,49343.97
ACC-100649,500565,BR109,Checking,USD,01-10-2022,,Dormant,7195.34
acc-100443,500117,BR114,Savings,USD,20250807,06/01/2026,Closed,46573.4
ACC-100209,500242,BR102,Savings,USD,20180319,,Dormant,6109.55
ACC-100761,500013,BR116,Checking,USD,2017-03-10,,Active,81032.83
ACC-101020,500438,BR116,CD,usd,20200422,2021-07-03,Closed,64687.55
ACC-100995,500376,BR113,Checking,USD,"Mar 23, 2020",,Active,71411.48
ACC-100333,500448,BR115,Savings,USD,20191219,,Dormant,N/A
   ACC-101137   ,500075,BR100,Money Market,USD,"Oct 10, 2019",,Dormant,28317.24
acc-100966,500548,BR116,Checking,USD,"Jun 28, 2018",,Active,69753.75
ACC-100355,500451,BR111,Money Market,USD,06-11-2023,,Active,65102.69
ACC-100211,500353,BR111,Checking,USD,21/09/2019,,Active,19686.53
ACC-100440,500558,BR110,Money Market,USD,20240718,,Active,50969.01
ACC-100842,500057,BR105,Savings,USD,2021-03-21,17/10/2025,Closed,64584.98
ACC-100253,500180,BR115,Savings,USD,20210902,,Active,44238.48
ACC-100975,500097,BR109,CD,USD,07/13/2018,,Active,72109.25
acc-100703,500668,BR108,Money Market,USD,20240123,,   Active   ,63831.13
ACC-101199,500743,BR108,CD,-,20230706,,Active,47611.49
ACC-101072,500303,BR112,Money Market,USD,2021-09-13,,Active,22585.15
ACC-100712,500715,BR110,Money Market,USD,26/08/2025,,Active,4013.74
ACC-100948,500388,BR113,-,USD,08/02/2022,,Active,34751.37
ACC-101299,500523,BR114,Money Market,USD,"Apr 20, 2020",,active,-
ACC-101163,500084,BR102,CD,USD,2024-11-05,,Active,49886.67
ACC-100210,500241,BR112,Savings,USD,27-03-2024,,Active,36307.3
ACC-100700,500627,BR107,CD,USD,01/15/2022,,Active,50932.43
ACC-100837,500435,BR107,Savings,USD,"Jul 24, 2020",,Active,"17,014.79"
ACC-100697,500052,BR100,Checking,USD,10/04/2019,2020-02-23,Closed,35332.14
ACC-100332,500211,BR115,Savings,USD,"Sep 11, 2020",,Active,64294.14
ACC-100340,500279,BR110,CD,USD,03/26/2020,,Active,NULL
ACC-101148,500573,BR114,Savings,USD,2019-10-11,,Active,77144.47
ACC-100218,500341,BR108,CD,USD,07/28/2025,,Active,56077.76
ACC-100273,500322,BR107,CD,USD,20250523,,Active,16879.15
ACC-100959,500373,BR101,Checking,USD,NULL,,Dormant,6706.78
ACC-101017,500331,BR104,Savings,USD,20260428,,Frozen,64215.8
ACC-100531,500570,BR115,Checking,USD,01/24/2022,,Active,48813.18
ACC-100023,500303,BR108,Checking,USD,04-06-2026,,Active,49695.42
ACC-100879,500430,BR115,Checking,US$,04/03/2018,,Frozen,
   ACC-100585   ,500058,BR107,Savings,USD,20200630,,Dormant,20409.21 usd
ACC-100305,500040,BR106,   Savings   ,USD,04/15/2025,,Active,15520.0
ACC-100225,500516,BR110,CD,USD,2016-09-27,,Active,15805.87
ACC-100208,500500,BR102,CD,USD,20210101,,Active,42443.58
ACC-100414,500454,BR100,CD,USD,02-06-2026,,Closed,67881.76
ACC-100914,500552,BR110,Checking,USD,20241116,,Dormant,70290.9
ACC-100315,500143,BR106,Money Market,US$,2023-08-27,07/03/2025,Closed,61886.05
acc-100378,500470,BR107,-,USD,20170228,,Active,21192.76
ACC-100747,500127,BR108,Savings,US$,"Jul 22, 2020",04-01-2026,Closed,72156.48
ACC-100425,500036,BR110,Money Market,USD,06-01-2026,,Active,83216.28
ACC-100121,500113,BR101,NULL,US$,06/11/2024,,Active,74627.78
ACC-101276,500179,BR114,Checking,USD,"Jul 15, 2023",28/07/2024,Closed,58334.78
ACC-100344,500422,BR116,Checking,USD,"Mar 03, 2024","Aug 24, 2024",Closed,74387.19
ACC-100872,500258,BR111,Money Market,USD,20180714,,Active,18694.55
  ACC-100626   ,500018,BR109,Money Market,USD,18-09-2019,,Active,3666.2
ACC-100680,500564,BR114,CD,USD,"Nov 28, 2018",,Active,43037.62
ACC-101288,500304,BR116,Savings,USD,19/05/2018,,Active,20904.63 usd
ACC-101080,500076,BR111,CD,USD,11/24/2021,,Active,77119.92
ACC-100398,500592,BR101,CD,USD,10/11/2022,,Active,36619.41
ACC-100523,500187,BR112,CD,USD,2018-05-07,,Active,60492.42
ACC-100008,500749,BR105,Checking,USD,"May 24, 2025",,Dormant,57196.21
ACC-100172,500329,BR108,Money Market,USD,20201210,,Frozen,56831.86
ACC-101232,500338,BR115,Savings,USD,"Jan 05, 2017",17-12-2019,Closed,"45,900.26"
ACC-101022,500039,BR110,UNKNOWN,USD,"May 17, 2026",,aCTIVE,16657.91
ACC-100713,500462,BR105,Money Market,USD,2019-01-14,,Active,12058.34
ACC-100079,500435,BR100,Savings,USD,20220704,,Active,74309.05
ACC-100342,500703,BR104,UNKNOWN,USD,2020-11-27,,Active,55220.91
ACC-100197,500333,BR103,CD,USD,"Nov 20, 2020",,Active,25870.5
ACC-100022,500282,BR109,Money Market,USD,23-01-2017,,Active,45455.95
ACC-100832,500042,BR106,Savings,USD,"Apr 02, 2018",,Active,
ACC-101103,500100,BR112,money market,USD,20220730,,Active,74724.28
ACC-100384,500496,BR114,money market,USD,"Aug 27, 2023",08-04-2025,Closed,83716.08
ACC-101043,500050,BR117,Money Market,US$,2023-01-07,,Active,5243.21
ACC-100600,500231,BR116,Money Market,USD,"Mar 07, 2021",,Active,NULL
ACC-100888,500381,BR106,Savings,USD,03-10-2023,,Active,40428.74
ACC-100811,500038,BR116,Money Market,USD,"May 25, 2022",,Active,4486.99
ACC-100511,500619,BR103,Savings,USD,06/26/2024,"May 26, 2025",Closed,31444.91
ACC-100302,500678,BR106,CD,USD,"Aug 07, 2023",,Active,37896.2
ACC-100024,500379,BR115,Money Market,US$,10/19/2019,,Dormant,22149.09
ACC-100571,500444,BR107,Savings,USD,2018-01-19,,Dormant,N/A
ACC-100786,500236,BR111,Money Market,US$,20230725,,Dormant,31475.74
ACC-100807,500048,BR107,Checking,usd,"Nov 21, 2024",,Dormant,10080.71
ACC-100012,500645,BR108,Savings,USD,28-10-2017,03/22/2025,Closed,45023.16
ACC-100457,500589,BR106,Checking,USD,2022-10-13,,Active,N/A
acc-100751,500725,BR113,Money Market,USD,"Nov 27, 2023",,Active,66208.73
ACC-100579,500021,BR100,CD,USD,02/06/2026,,Active,50390.58
ACC-100147,500369,BR101,CD,USD,02/09/2018,,Active,10497.37
ACC-101195,500017,BR101,Money Market,USD,2026-03-09,,Active,58863.03
ACC-101215,500670,BR106,Money Market,USD,08/03/2017,,Active,7729.66
ACC-100500,500218,BR109,cd,usd,26/05/2026,,Active,62058.8
ACC-101135,500021,BR117,CD,US$,09/29/2019,,Active,70478.52
ACC-100393,500143,BR109,Money Market,USD,09-04-2025,,Frozen,52537.89
ACC-100980,500576,BR115,CD,USD,05-11-2020,,Active,40559.92 usd
ACC-100728,500425,BR101,Savings,US$,20170212,,Dormant,unknown
ACC-100383,500514,BR113,Checking,USD,2022-03-11,,Active,67417.48 usd
ACC-100070,500318,BR107,Checking,USD,20251223,,Active,"39,992.58"
ACC-100310,500290,BR117,Checking,USD,20260131,,Active,25606.6
ACC-100248,500003,BR108,Savings,USD,20211030,28-03-2025,Closed,12728.06
acc-100364,500197,BR111,Checking,USD,2018-02-23,,Active,72972.88
ACC-101156,500648,BR107,CD,USD,24/05/2021,,active,73507.14
ACC-100732,500071,BR104,Checking,USD,02/01/2017,,Active,30934.9
ACC-101209,500734,BR108,Savings,USD,2022-07-03,,Active,61211.6
ACC-100169,500310,BR110,Checking,USD,20260610,,Active,37647.66
ACC-100371,500504,BR107,Money Market,USD,"Sep 06, 2023",,aCTIVE,N/A
ACC-100919,500124,BR111,money market,usd,04/03/2018,,Active,58424.33
ACC-100797,500326,BR115,Money Market,usd,25-12-2020,,Active,"$76,957.88"
ACC-101025,500184,BR113,Checking,USD,2025-11-06,,Active,61591.55
ACC-101150,500314,BR104,Checking,USD,2017-08-21,,Active,11072.98
ACC-100051,500020,BR107,N/A,US$,"Mar 19, 2024",2024-10-31,Closed,"69,721.15"
ACC-100222,500138,BR113,Savings,USD,2025-08-23,,Active,32002.54
ACC-100738,500031,BR109,Money Market,USD,"Dec 20, 2021",,Active,35772.23
ACC-101296,500482,BR117,Money Market,USD,08-04-2020,,Active,12115.63
ACC-100084,500266,BR115,CD,USD,06/11/2018,,Active,35775.01
ACC-101160,500030,BR112,mONEY mARKET,USD,2021-11-28,21/01/2025,Closed,16454.27 usd
ACC-101154,500560,BR106,Checking,US$,2022-07-20,,active,59122.11
ACC-100227,500695,BR117,CD,usd,2022-11-18,,   Active   ,70439.83
ACC-101127,500116,BR106,Savings,usd,26-02-2021,,Active,41121.69
ACC-100566,500086,BR106,CD,USD,28/08/2025,,Active,22051.91
ACC-100330,500070,BR107,Checking,USD,08/11/2025,,Active,59684.72
ACC-100140,500363,BR104,CD,US$,"Feb 23, 2019",,Active,"$53,605.49"
ACC-100955,500265,BR102,Checking,USD,"Feb 11, 2024",,Active,n/a
ACC-101283,500744,BR108,CD,USD,"Jul 02, 2022",2025-09-01,CLOSED,9271.47
ACC-100472,500725,BR114,Savings,USD,"Jun 11, 2023",,Active,69335.23
ACC-100507,500273,BR115,CD,USD,null,,Active,61429.28
ACC-100489,500219,BR103,CD,USD,08/11/2021,,Active,31844.32
ACC-100785,500091,BR101,Money Market,USD,20161107,,Active,43086.71
acc-100663,500719,BR115,CD,USD,12/04/2021,,Frozen,42442.27
ACC-100660,500532,BR116,Savings,USD,11-09-2025,,Active,30304.09
ACC-100418,500558,BR115,Savings,USD,28/04/2023,,Closed,42445.74
ACC-100075,500549,BR109,Money Market,USD,"Jul 08, 2020",,Active,360.48
ACC-100476,500427,BR102,Savings,USD,06-03-2017,,Active,78507.45
ACC-100192,500442,BR117,Money Market,USD,09/29/2017,,Dormant,-82.99
ACC-101170,500241,BR111,cHECKING,US$,19-03-2019,,Active,16564.63
ACC-101165,500673,BR102,Money Market,USD,2025-07-02,,Active,61456.96
ACC-101254,500665,BR101,CD,USD,"Jun 26, 2020",,Active,69757.02
ACC-100522,500563,BR117,checking,USD,20251226,,   Active   ,47460.0
ACC-100017,500062,BR105,CD,USD,"Sep 22, 2021",,Active,60797.33
ACC-100707,500714,BR116,   Money Market   ,usd,12/06/2016,,Active,29648.5
ACC-100978,500102,BR108,CD,usd,"Nov 28, 2025",20260421,Closed,73140.44
ACC-101015,500181,BR101,Checking,USD,20230210,,Active,71459.15 usd
ACC-100149,500429,BR109,Checking,USD,07/01/2020,,Active,2285.82
ACC-100365,500579,BR116,Savings,USD,07/10/2019,,Active,57383.48
   ACC-100642   ,500053,BR106,Money Market,USD,2020-07-31,,Active,24757.96
ACC-101131,500323,BR107,CD,USD,03/16/2023,,Active,63640.2
ACC-101294,500530,BR117,CD,USD,"Oct 05, 2022",,active,61441.79
ACC-101051,500201,BR114,CD,USD,2023-08-31,01-11-2023,Closed,48133.69
ACC-100551,500498,BR107,Money Market,USD,05-12-2019,11-01-2022,Closed,39354.53
ACC-100171,500385,BR116,Money Market,USD,14/12/2021,21-10-2025,Closed,7259.66
acc-101011,500165,BR117,Money Market,USD,2024-09-20,,Active,61870.3
ACC-100126,500257,BR117,Savings,USD,09/11/2020,,  Active   ,54031.36
ACC-100873,500366,BR100,Money Market,USD,06-07-2017,,Active,17940.36
ACC-100675,500311,BR114,Checking,USD,2024-05-14,,Active,11897.77 usd
ACC-100889,500036,BR106,CD,USD,17/05/2025,,Active,80454.19
ACC-100201,500316,BR106,Savings,USD,2024-05-24,,Active,45794.04
ACC-100275,500632,BR103,CD,USD,20180706,,Active,28574.41
ACC-100086,500259,BR116,Checking,USD,20220721,"Nov 22, 2025",Closed,2220.75
ACC-100216,500064,BR107,Savings,usd,-,,Active,51006.85
ACC-100185,500234,BR114,Checking,USD,16-04-2017,,Active,54925.8
ACC-100016,500186,BR102,CD,US$,"Apr 17, 2023",,DORMANT,2484.61
ACC-100029,500151,BR106,Checking,usd,14/07/2021,,Active,52320.99
ACC-101203,500557,BR116,Money Market,USD,15/12/2020,,Active,81806.75
ACC-101161,500245,BR102,CD,USD,N/A,,Active,25860.31
ACC-100067,500406,BR100,Savings,USD,"Jun 28, 2026",,Active,21804.55
ACC-100413,500521,BR104,Savings,USD,13-02-2017,,Active,38604.92
ACC-100864,500461,BR102,Money Market,USD,16/12/2018,,Active,45680.44
ACC-100272,500100,BR108,CD,USD,2016-10-16,,Active,34063.5
ACC-100867,500730,BR103,CD,USD,20210616,,Active,79525.22
ACC-100495,500555,BR105,Savings,USD,"Apr 28, 2022",,Active,36734.14
ACC-100540,500211,BR115,Checking,n/a,20231207,,Active,66251.28
ACC-100236,500600,BR116,Checking,USD,2017-01-16,,active,18804.1
ACC-100824,500711,BR110,Checking,usd,21-11-2020,,Active,6554.17
ACC-100406,500485,BR102,Money Market,USD,2025-11-22,,Active,77983.41
acc-100802,500633,BR106,Savings,USD,30-11-2022,,Dormant,7778.98
ACC-100102,500190,BR113,Checking,USD,"Feb 10, 2018",,Active,64543.15
ACC-101176,500152,BR100,Checking,usd,29-08-2019,,Active,6913.43
ACC-100749,500077,BR105,Savings,USD,07-01-2025,,Active,81251.7
ACC-100077,500133,BR114,CD,USD,2025-06-07,,Closed,25851.16
ACC-100937,500045,BR114,SAVINGS,USD,2020-07-27,,Active,18902.28
ACC-100782,500092,BR105,UNKNOWN,USD,02/20/2026,,Active,52274.0
ACC-100844,500749,BR113,CD,USD,2019-03-02,03/13/2024,Closed,25582.77
ACC-100346,500397,BR105,Savings,USD,"Sep 23, 2016",,Active,"43,527.40"
ACC-100283,500222,BR105,Savings,USD,08/02/2021,,Active,13639.31
ACC-100627,500633,BR115,Money Market,US$,04/02/2021,,Active,15047.83
ACC-100448,500419,BR105,Savings,USD,2024-05-29,,Active,36718.69
ACC-100971,500314,BR105,  Money Market   ,usd,20221102,,Active,66629.86
ACC-100400,500131,BR104,CD,USD,06-09-2019,03-09-2025,Closed,58045.74
ACC-101124,500464,BR105,Money Market,USD,08/13/2017,,Active,30264.2
ACC-100082,500487,BR110,Savings,USD,20240502,,Active,24739.59
ACC-100880,500264,BR105,CD,USD,"Dec 20, 2019",,Active,21929.75
ACC-101238,500570,BR115,Checking,usd,2016-08-27,,Active,63043.7
ACC-100159,500354,BR100,Checking,usd,"Jan 22, 2021",,Active,850.43 usd
ACC-100257,500098,BR114,Savings,US$,03/05/2024,,Dormant,62957.67
ACC-100799,500106,BR102,Checking,usd,12/06/2018,,Active,76093.1
ACC-100904,500229,BR101,Checking,usd,07-02-2021,,Active,58562.51
ACC-100740,500025,BR114,Money Market,USD,"Jan 07, 2018",,Active,79988.6
ACC-100094,500227,BR100,CD,USD,24/08/2016,,Active,36568.67
ACC-101278,500740,BR114,Money Market,usd,20251206,,Active,60798.67
ACC-100835,500511,BR105,Money Market,usd,20/09/2025,,Active,83115.81
ACC-100370,500406,BR113,CD,USD,"Oct 30, 2024",,Dormant,12884.04
ACC-100967,500328,BR105,Checking,USD,02/06/2022,,Active,64337.17
ACC-100174,500458,BR114,CHECKING,usd,27/07/2019,,Active,43051.04
ACC-100826,500592,BR116,Money Market,US$,01/29/2019,,Active,77692.49
ACC-100623,500126,BR113,Checking,USD,2026-01-18,20260611,Closed,18163.43
ACC-100049,500000,BR116,Checking,USD,20171105,,Active,63926.29
ACC-100161,500613,BR114,CD,USD,14/10/2018,,Active,32509.09
ACC-100004,500144,BR107,Money Market,USD,2022-05-29,,Active,21025.83
ACC-100056,500673,BR112,CD,USD,2017-06-27,,Active,22849.92
ACC-100650,500527,BR111,Money Market,USD,20230827,,Active,
ACC-100385,500380,BR106,Money Market,USD,06-07-2026,,CLOSED,78162.1
ACC-101059,500368,BR101,CD,N/A,"Mar 17, 2018",,Active,69630.22
ACC-100539,500667,BR112,Checking,USD,2024-09-08,28/03/2026,Closed,27447.09
ACC-100377,500590,BR107,Checking,USD,06/05/2021,,Active,55795.43
ACC-100501,500240,BR108,   Checking   ,USD,2018-05-06,,Active,47075.28
ACC-100708,500749,BR112,Savings,USD,29/01/2024,,Active,15215.76
ACC-100762,500075,BR105,Savings,,04/25/2018,,Active,50024.05
ACC-100247,500680,BR114,sAVINGS,USD,"Apr 01, 2019",,Active,17497.14
ACC-100533,500128,BR117,Savings,USD,2021-05-07,2022-01-09,Closed,5554.44
ACC-101204,500308,BR115,CD,USD,"Sep 14, 2025",,Active,66099.93
ACC-101031,500253,BR108,Money Market,USD,14/11/2025,,Active,67699.59
ACC-100059,500627,BR113,Money Market,USD,2026-02-19,,Active,9418.17
ACC-101184,500010,BR116,Money Market,usd,"Jan 04, 2020",,Active,27723.47
ACC-100322,500269,BR107,  Money Market   ,USD,20/08/2024,,Active,76195.75 usd
ACC-100622,500729,BR110,checking,USD,04-01-2023,,Active,60779.29
ACC-101093,500116,BR100,Checking,USD,2022-09-13,,Active,25276.38
ACC-100654,500103,BR106,Money Market,USD,20161024,,Frozen,27939.52
ACC-100402,500601,BR103,Savings,USD,31/07/2018,,Dormant,65839.99
ACC-101206,500445,BR101,Checking,USD,07/01/2026,,Active,33735.0
ACC-100212,500415,BR116,CD,USD,10/25/2016,,Active,12140.98
ACC-100464,500719,BR115,Money Market,usd,12/30/2024,,   Active   ,83293.18 usd
ACC-100597,500291,BR109,CD,USD,08/02/2019,,Active,25962.39
acc-100291,500373,BR112,Savings,USD,2020-10-30,,Active,1109.62
ACC-100512,500629,BR111,Money Market,,2023-04-22,,ACTIVE,71657.19
ACC-100934,500574,BR100,Savings,USD,25-06-2024,,Active,5799.46
ACC-101179,500696,BR110,sAVINGS,USD,NULL,,Active,76527.14
ACC-100196,500672,BR105,CD,USD,2018-11-28,,Active,NULL
ACC-100838,500539,BR111,CD,USD,04-03-2020,,Active,"$43,318.85"
ACC-101241,500630,BR109,Money Market,USD,2022-02-12,,Active,74399.78
ACC-100876,500048,BR109,Savings,USD,2023-02-08,,Active,34866.65
ACC-100923,500695,BR108,CD,USD,20180602,20241012,Closed,69880.9
ACC-100931,500494,BR117,Money Market,USD,"Jul 08, 2025",,Closed,81066.67
ACC-100991,500108,BR108,CD,US$,20181010,,Active,71462.62
ACC-101108,500250,BR116,CD,USD,2023-08-22,20250904,Closed,58726.78
ACC-101083,500213,BR112,Money Market,US$,07-10-2017,,Active,6564.09
ACC-101260,500362,BR115,Money Market,USD,20161205,,Active,19533.16
ACC-101040,500473,BR111,unknown,USD,20210606,,Active,21724.63
ACC-100688,500473,BR113,CD,USD,16-06-2021,,Active,19020.48
ACC-100042,500182,BR117,Checking,USD,20251206,,Active,27017.35
ACC-101088,500461,BR108,Checking,USD,05/05/2018,,Active,58110.06
ACC-100625,500343,BR115,sAVINGS,USD,03/02/2018,,Active,42917.86
ACC-100187,500684,BR100,Checking,USD,25-11-2023,,Active,78097.32
ACC-100553,500375,BR110,unknown,-,06/10/2017,,Dormant,16827.92
ACC-100068,500208,BR112,Checking,USD,07/12/2020,,Active,15719.17
ACC-101019,500073,BR117,Savings,usd,"Apr 26, 2021",,Active,69263.3
ACC-100498,500727,BR106,unknown,USD,20191017,,Active,76754.8
ACC-101286,500171,BR104,Savings,USD,28-05-2018,,Active,8117.28
ACC-100681,500239,BR117,MONEY MARKET,USD,10/09/2022,,Active,68677.31
ACC-100854,500600,BR107,CD,USD,10-12-2024,,Active,21552.68
ACC-101109,500013,BR110,Money Market,USD,05/21/2026,,DORMANT,48821.51
ACC-100380,500173,BR111,CD,USD,11/18/2022,,Active,1437.12
ACC-101062,500161,BR117,Checking,USD,06/01/2026,,Active,41875.5
acc-100905,500664,BR106,CD,USD,12-12-2024,,Active,28900.4
ACC-100556,500166,BR117,CD,USD,13/09/2018,,Active,26252.93
ACC-100874,500411,BR104,Checking,usd,04/17/2019,,Active,2555.2
ACC-100926,500623,BR108,Savings,usd,2016-11-13,,Active,19007.71
ACC-100256,500344,BR109,Checking,US$,11-12-2021,,Active,76278.25
ACC-100605,500323,BR103,Checking,USD,2021-03-28,,Active,74372.89
ACC-100066,500662,BR112,Savings,USD,03-12-2019,,Active,18167.02
ACC-101058,500086,BR106,CD,USD,03/30/2018,"Jun 16, 2024",Closed,36138.88
ACC-100957,500034,BR113,Checking,USD,07/12/2024,,Active,
ACC-100176,500048,BR103,Money Market,USD,"Jul 07, 2019",,Active,2075.6
ACC-100548,500096,BR101,Savings,US$,27-10-2023,22/10/2025,Closed,17559.79
ACC-100643,500629,BR104,Money Market,USD,27-07-2022,,Frozen,79722.18
ACC-100962,500141,BR101,Savings,USD,03-05-2025,,Dormant,45490.13
ACC-100327,500602,BR100,Money Market,usd,"Jul 02, 2021",,Active,68893.77
ACC-100101,500225,BR101,Money Market,US$,N/A,,Active,33704.19
ACC-100499,500063,BR111,Savings,USD,01/04/2025,,Active,5323.74
ACC-100162,500221,BR108,CD,USD,08/01/2024,,Active,106.51
ACC-100601,500322,BR102,Checking,USD,29/09/2017,,Dormant,8207.94
ACC-100592,500003,BR117,Money Market,USD,06-10-2024,,Active,17903.73
ACC-101271,500148,BR110,CD,USD,01/02/2024,,Active,2072.89
ACC-101039,500100,BR102,UNKNOWN,USD,2020-03-27,,Dormant,76421.92
ACC-100206,500417,BR106,Checking,USD,04/20/2026,,Active,unknown
acc-100801,500657,BR101,Checking,USD,20251231,08/03/2026,Closed,28166.11
ACC-101155,500423,BR100,Savings,USD,28/05/2021,,ACTIVE,67266.1
ACC-101281,500433,BR103,Savings,US$,07/11/2020,20260226,  Closed   ,71825.27
ACC-100188,500551,BR102,Money Market,USD,2019-03-08,,Frozen,UNKNOWN
ACC-100655,500179,BR106,CD,USD,11/24/2022,,   Active   ,79241.02
ACC-100988,500217,BR116,Checking,USD,null,,Active,55018.92
ACC-100776,500632,BR104,Money Market,USD,08/29/2025,19-11-2025,Closed,32255.55
ACC-100554,500378,BR106,savings,USD,04/29/2025,,Active,4144.31
ACC-100145,500630,BR114,Checking,USD,"May 28, 2020",,Dormant,64512.07
ACC-100664,500504,BR104,Money Market,US$,2020-05-03,,Active,70312.45
ACC-101252,500034,BR101,Money Market,USD,29/05/2022,,Active,78292.71
ACC-100739,500644,BR116,-,usd,20260622,,   Dormant   ,59066.7
ACC-100760,500002,BR109,Savings,USD,18-05-2023,,Active,26581.95
ACC-100142,500668,BR113,CHECKING,USD,20170917,,Dormant,10105.77
ACC-101094,500076,BR108,Checking,USD,"May 12, 2025",,Active,76115.3
ACC-100954,500382,BR100,Savings,USD,08/11/2016,,Active,52176.1
ACC-100852,500059,BR108,Money Market,usd,02/09/2017,,Active,null
ACC-100295,500279,BR102,CD,USD,"May 14, 2017",,Active,71231.83
ACC-100916,500485,BR103,CD,USD,10/10/2017,06/21/2021,Closed,62774.28
ACC-100001,500141,BR116,Savings,USD,20170126,,Active,77644.75
ACC-100742,500471,BR104,Money Market,usd,20240228,,Active,39090.93
ACC-100541,500392,BR103,Checking,USD,2025-03-10,,Active,517.72
ACC-100345,500014,BR102,Checking,null,20210828,,Active,80915.24
ACC-100474,500496,BR109,CD,usd,12/21/2016,2018-07-11,Closed,51103.46
ACC-100228,500503,BR102,Money Market,-,25/04/2026,,Dormant,45482.36
ACC-100092,500080,BR102,Checking,USD,2019-03-11,,Active,47352.31
ACC-100076,500446,BR116,Money Market,USD,"Apr 22, 2024",,Dormant,81797.9
ACC-100293,500139,BR112,Money Market,usd,2024-08-22,,Active,-407.81
ACC-100484,500635,BR104,CD,USD,11/12/2019,,Active,79967.62
ACC-100047,500687,BR113,CD,usd,12/22/2024,,Closed,73495.47
ACC-101240,500503,BR106,CD,USD,07/06/2017,2023-02-13,Closed,4308.4
ACC-100784,500447,BR114,Savings,USD,06/21/2025,,Active,"$26,000.49"
ACC-100234,500334,BR103,SAVINGS,USD,"Oct 23, 2024",,Active,35927.51
ACC-100280,500000,BR103,Checking,USD,25-07-2019,,Dormant,22647.8
ACC-100979,500498,BR109,Savings,USD,2018-05-23,20181103,Closed,10420.9
ACC-100839,500373,BR110,Savings,US$,20240411,,Active,6547.55
ACC-101120,500104,BR114,Money Market,USD,n/a,,Active,59365.56
ACC-100141,500389,BR107,Checking,USD,10/09/2021,,Active,63434.03
ACC-100354,500578,BR111,Money Market,USD,"Apr 27, 2024",,Active,53349.88
ACC-100296,500367,BR114,Checking,USD,2025-02-15,,Active,15132.05
ACC-100097,500259,BR114,Savings,USD,03/11/2018,,Dormant,68699.52
ACC-100173,500117,BR115,checking,USD,31/01/2026,,Active,61123.47
ACC-100329,500308,BR110,Money Market,USD,20210824,,Frozen,26280.19
ACC-100502,500724,BR115,Savings,US$,"Jul 24, 2024",,Active,60653.02
ACC-101003,500062,BR115,CD,USD,"Mar 26, 2023",,Active,76643.0
ACC-101291,500661,BR101,CHECKING,USD,25/08/2019,,Active,29258.88
ACC-101125,500155,BR116,money market,USD,20170525,,Active,52565.74
ACC-100557,500186,BR100,Checking,USD,20250713,,Active,43261.95
ACC-100945,500677,BR116,Checking,USD,14/10/2020,,Active,67609.13
ACC-100179,500562,BR103,Money Market,US$,03/02/2017,,Active,22393.84
ACC-101174,500007,BR115,Checking,USD,22-08-2020,,Dormant,66098.25
ACC-101081,500478,BR102,Savings,USD,20180927,,Active,83697.0
ACC-100998,500235,BR108,Checking,USD,10/19/2025,,Active,9268.41
ACC-100288,500400,BR109,CD,USD,20180216,,Active,38199.61
ACC-100534,500202,BR106,Savings,USD,20240414,06-04-2025,Closed,42738.9
ACC-100901,500309,BR105,Checking,USD,"Jun 20, 2018",,Dormant,55865.24
ACC-100820,500429,BR109,Money Market,usd,21-03-2018,,Active,46241.99
ACC-101247,500265,BR100,Money Market,USD,05/09/2025,,Active,3026.16
ACC-100640,500555,BR104,Money Market,USD,2019-04-15,,Active,5145.92
ACC-101282,500372,BR107,   Checking   ,USD,07/25/2021,,Active,52904.18
acc-100909,500621,BR114,CD,N/A,2018-04-05,,Frozen,78154.37
ACC-100974,500205,BR115,Money Market,USD,"Dec 22, 2021",,Active,51399.59
ACC-101145,500746,BR112,UNKNOWN,USD,14/11/2024,,Active,66822.85
ACC-100177,500711,BR116,Money Market,USD,"Jul 14, 2022",,Active,18046.09
ACC-100961,500077,BR101,Checking,USD,28/01/2026,,Active,39143.65
ACC-100816,500511,BR111,Checking,USD,23-06-2023,,Active,81169.95
ACC-101054,500682,BR107,Savings,USD,06/04/2023,,Dormant,21233.81
ACC-100843,500215,BR108,Money Market,USD,20210118,,Active,4994.56
ACC-100815,500345,BR114,Checking,usd,30/09/2022,,Active,78605.71
ACC-101151,500276,BR102,CD,USD,10/13/2019,,Closed,36683.33
acc-100006,500150,BR104,Checking,US$,"Jul 20, 2022",,Active,28611.45
ACC-100630,500159,BR102,unknown,USD,05/26/2017,,Active,70276.62
ACC-100255,500224,BR115,CD,usd,20220227,,Active,58456.79
ACC-101061,500279,BR102,Money Market,USD,03/11/2017,,Active,78820.63
ACC-100035,500111,BR112,CD,USD,05/30/2024,,Frozen,31310.22
ACC-100423,500384,BR117,Money Market,USD,22-04-2026,,Active,39434.19
ACC-101037,500363,BR116,Money Market,USD,2023-02-15,"Mar 11, 2025",Closed,49874.3
acc-100886,500135,BR105,Savings,USD,2019-04-09,,Active,68414.21
ACC-100240,500598,BR116,CD,USD,05/31/2026,,Active,30423.13
ACC-100997,500003,BR107,Savings,USD,17/03/2024,14-07-2025,Closed,30803.44
ACC-101104,500737,BR103,Savings,usd,20230430,,Active,34432.34
ACC-100573,500592,BR115,Savings,-,20220126,,Active,"$72,111.70"
ACC-101110,500098,BR109,unknown,usd,20170124,20180409,Closed,70019.78
ACC-100821,500351,BR105,CD,usd,17-11-2023,,Active,67841.03
ACC-100748,500143,BR113,CD,USD,20/07/2019,,Active,84888.25
ACC-100806,500095,BR112,   CD   ,USD,20180823,,Active,13317.11
ACC-100543,500141,BR107,Checking,USD,2024-09-02,,Active,34226.61
ACC-100191,500599,BR105,Money Market,USD,20161228,2021-08-20,Closed,5912.46
ACC-100214,500470,BR108,Savings,USD,28-07-2021,2021-12-25,Closed,9079.42
ACC-100580,500153,BR113,CD,USD,04/11/2019,,Dormant,4052.22
ACC-101251,500011,BR113,Checking,USD,"Nov 06, 2023",,Active,44580.39
ACC-100956,500169,BR105,Checking,USD,"Jan 30, 2024",,Active,75043.09
ACC-100111,500682,BR114,CD,USD,03-07-2018,,Active,30715.75
ACC-101095,500417,BR102,UNKNOWN,usd,unknown,,Closed,7552.34
ACC-100781,500637,BR105,Savings,USD,11/10/2024,,Active,6699.67 usd
ACC-100409,500319,BR105,Savings,USD,12-10-2019,,Active,78238.85
ACC-101134,500566,BR117,Money Market,USD,06/05/2019,,Dormant,81710.89
ACC-100331,500631,BR102,Money Market,USD,01/26/2024,,Active,15796.63
ACC-100009,500511,BR112,-,USD,05/17/2024,,Active,51861.61
ACC-100840,500677,BR117,CD,USD,27-11-2017,,Frozen,22616.29
ACC-100389,500414,BR105,CD,USD,"Oct 06, 2017",,Frozen,33097.82
ACC-100451,500511,BR110,   CD   ,USD,2021-07-06,,Active,36185.38
ACC-100735,500604,BR107,CD,USD,02/25/2017,,aCTIVE,3953.63
ACC-100530,500433,BR100,Checking,USD,04-12-2023,,Frozen,57739.79
ACC-101000,500577,BR106,CD,USD,14/09/2024,,Active,4092.06
acc-100364,500197,BR111,Checking,USD,2018-02-23,,Active,72972.88
ACC-101044,500462,BR110,Checking,USD,03/27/2021,,Active,23356.41 usd
ACC-100780,500624,BR100,Money Market,USD,12/08/2020,,Dormant,66078.5
ACC-100119,500528,BR102,Savings,USD,11/04/2022,,Active,19004.98
ACC-100269,500005,BR107,CD,USD,20201024,,Active,76361.6
ACC-101030,500509,BR111,Checking,US$,20180420,,Active,69527.39
ACC-100849,500538,BR112,Savings,US$,22/04/2022,,Active,74694.49
ACC-100136,500609,BR116,CD,USD,20170307,,Active,63552.99
ACC-100552,500363,BR112,CD,USD,05/03/2018,,Active,61412.75
ACC-100062,500204,BR106,null,US$,09/03/2025,2026-04-19,Closed,27555.49
ACC-100450,500044,BR112,Checking,USD,01/09/2021,,Frozen,60850.9
ACC-100757,500365,BR117,Savings,USD,14/07/2023,08-12-2024,Closed,40720.16
ACC-100884,500665,BR100,Money Market,USD,2026-01-15,,Active,17190.42
ACC-100550,500041,BR115,Money Market,USD,2021-06-17,,ACTIVE,4105.0
ACC-100946,500213,BR104,Savings,USD,09/04/2023,,Active,32909.08 usd
ACC-100538,500338,BR102,Money Market,USD,2020-03-31,,Active,16045.01
ACC-101013,500551,BR117,Money Market,USD,20191012,,Active,63057.75
ACC-100265,500452,BR112,CD,usd,2022-07-12,,active,30549.61
ACC-100766,500440,BR104,Money Market,USD,25/10/2023,,Active,66969.97
ACC-100124,500466,BR116,Money Market,USD,2021-01-11,,Dormant,-303.08
acc-100972,500317,BR100,Money Market,USD,"Aug 13, 2020",,Active,2818.82
ACC-101224,500730,BR106,Savings,USD,20180119,,Active,1372.48
ACC-101248,500570,BR100,Savings,USD,17-09-2022,,   Active   ,46018.87
ACC-101207,500505,BR114,CD,USD,02/11/2022,,Active,24473.79
ACC-101269,500592,BR113,Checking,USD,06/16/2024,,Active,76930.3
ACC-100054,500104,BR108,CD,USD,08/08/2020,,Active,30098.36
ACC-100772,500615,BR105,CD,usd,01-08-2021,,Active,39580.79
acc-100897,500398,BR110,CD,USD,24/11/2024,,Active,42815.42
ACC-100719,500743,BR115,Checking,USD,02/09/2017,,Active,29877.24
ACC-100768,500436,BR100,Money Market,usd,17/03/2017,,Active,75384.97
ACC-100846,500248,BR106,Money Market,USD,"Aug 11, 2018",,Active,33436.24
ACC-100805,500384,BR102,CD,USD,2021-04-10,,Active,9496.5
ACC-100508,500498,BR101,Money Market,USD,21/01/2020,,Active,45024.63
ACC-100563,500270,BR106,CD,USD,2020-02-03,,Active,63230.85
ACC-100202,500564,BR115,CD,usd,04/09/2020,,Active,11624.61
ACC-100661,500705,BR116,Checking,USD,2021-02-05,,Active,34512.45
ACC-101234,500505,BR102,Savings,USD,27-08-2016,,Active,66320.53
ACC-100527,500482,BR113,Checking,USD,13/10/2020,,Active,19104.46
ACC-100036,500229,BR102,Checking,USD,09/01/2023,,Active,23253.85
ACC-100636,500054,BR117,CD,USD,"Jun 15, 2018",29/10/2020,Closed,14204.63
ACC-100532,500320,BR100,Checking,USD,28/01/2018,,Active,77045.31
ACC-100205,500734,BR116,-,USD,09/08/2020,,Active,81367.71
ACC-100105,500491,BR100,Money Market,USD,21/05/2022,,Active,53975.21
ACC-100219,500432,BR112,CD,US$,09/08/2018,,Active,39491.04
ACC-100416,500313,BR103,CD,USD,"Feb 25, 2023",,Active,16981.13
ACC-101065,500597,BR114,Checking,usd,2026-05-08,,Active,41916.12
ACC-100367,500287,BR115,CD,USD,2023-05-18,,Active,49271.33
ACC-101099,500170,BR112,Savings,USD,08/26/2022,,Dormant,10538.96
ACC-101183,500099,BR106,CD,USD,08-03-2023,"Dec 14, 2024",Closed,69656.96
ACC-100960,500488,BR113,savings,USD,07/06/2020,,Active,69942.28
ACC-100127,500014,BR107,Money Market,USD,22-10-2021,,Active,84190.62
ACC-100433,500178,BR114,Savings,USD,2021-12-01,,Active,50626.22
ACC-101144,500067,BR110,Checking,usd,"Aug 05, 2023",,Active,11439.94
ACC-100204,500294,BR108,CD,USD,08-03-2021,06/14/2024,closed,66132.14
ACC-100858,500706,BR102,Savings,USD,04/03/2021,2022-09-10,Closed,9039.7
ACC-100170,500265,BR115,CD,usd,2020-10-26,,Active,14672.97
ACC-100069,500201,BR102,Savings,USD,2021-02-27,,Active,76882.03
ACC-100125,500089,BR116,Savings,USD,13-11-2019,,Active,16703.83
ACC-101060,500112,BR106,CD,USD,20191014,,Active,20507.6
ACC-100390,500699,BR117,   Money Market   ,USD,"Nov 07, 2023",,Active,59217.57
ACC-100568,500636,BR106,Money Market,USD,12/05/2018,,Active,n/a
acc-101264,500453,BR107,Savings,USD,31-07-2024,,Active,41036.52
ACC-100813,500631,BR115,Money Market,USD,20190805,,Active,32374.81
ACC-100300,500532,BR102,unknown,USD,2018-05-17,,Active,77802.37
ACC-100848,500045,BR111,Savings,USD,20241117,,Active,82892.91
ACC-100750,500613,BR117,Checking,USD,"Dec 04, 2019",,Active,9778.52
ACC-101249,500500,BR107,Savings,usd,30/03/2023,,Active,56532.92
ACC-101149,500011,BR115,Savings,USD,21/03/2017,,Active,51583.36
ACC-100961,500077,BR101,Checking,USD,28/01/2026,,Active,39143.65
ACC-100432,500597,BR102,Savings,USD,20191210,,Active,51727.91
ACC-101205,500177,BR109,CD,US$,"Mar 07, 2026",,Dormant,50411.26
ACC-100829,500209,BR114,n/a,USD,03/25/2019,,Frozen,67117.1
ACC-101189,500102,BR113,mONEY mARKET,USD,20180224,,Dormant,41864.81
ACC-101231,500322,BR105,Savings,US$,05/11/2017,,Active,"$30,918.67"
ACC-100925,500465,BR101,Checking,USD,10/15/2019,,Active,49367.79
ACC-101067,500418,BR108,CD,usd,07/31/2020,,aCTIVE,19219.49
ACC-101218,500266,BR117,Checking,US$,11/07/2022,,DORMANT,76454.94
ACC-101105,500106,BR110,Checking,US$,07/19/2023,,Active,17761.03
ACC-100455,500198,BR106,Money Market,USD,06-03-2022,,Active,7822.11 usd
acc-100350,500744,BR102,Savings,USD,07/06/2018,,Active,80487.45
ACC-100156,500470,BR109,CD,USD,10/11/2025,26-01-2026,Closed,68458.95
ACC-100184,500365,BR106,Savings,USD,04/01/2025,,Active,null
ACC-100938,500681,BR108,Money Market,USD,2018-10-23,,Active,43278.65
ACC-100133,500586,BR113,Money Market,US$,"Jul 05, 2021",,Active,31019.45
ACC-100386,500292,BR114,CD,USD,2023-07-30,,Active,79678.05
ACC-101075,500552,BR114,CD,USD,02/23/2026,,Active,24661.27
ACC-100391,500245,BR111,CD,USD,02/24/2021,,Dormant,25258.44 usd
ACC-100687,500446,BR102,Checking,usd,21-10-2022,,Active,47619.28
ACC-101244,500614,BR110,CD,USD,03/07/2019,,Active,48243.12
acc-100619,500460,BR107,CD,USD,06-09-2018,,Active,78013.48
ACC-100379,500395,BR109,Checking,USD,15/08/2024,01/07/2025,Closed,15642.61
ACC-100825,500569,BR107,CD,USD,"Mar 28, 2021",2026-01-06,Closed,80420.38
ACC-100603,500069,BR115,Savings,USD,09/02/2022,,Dormant,60298.78
ACC-100517,500695,BR108,Checking,usd,2025-01-05,,Active,73865.46
ACC-101050,500400,BR112,CD,USD,"Mar 19, 2021",,Active,56785.84
ACC-100546,500152,BR105,Money Market,USD,02/21/2017,,Active,"$45,396.59"
ACC-100586,500675,BR107,Money Market,USD,2026-03-22,,Active,12017.15
acc-100471,500739,BR113,Savings,USD,2018-10-23,,Active,58470.77
ACC-100294,500480,BR116,Checking,USD,22/10/2020,,Active,79648.06
ACC-100403,500289,BR102,Checking,USD,20190331,,Active,2027.91
ACC-100314,500740,BR110,Money Market,USD,04/24/2020,,Active,3131.69
ACC-100576,500186,BR117,Checking,USD,16-09-2020,,Active,601.98
ACC-100920,500256,BR108,Money Market,USD,2018-11-12,,Dormant,32334.9
ACC-100779,500044,BR112,Savings,USD,08/19/2017,,Active,NULL
ACC-100347,500271,BR117,Checking,USD,05-06-2019,,Active,4106.36 usd
ACC-100984,500110,BR113,Savings,USD,2020-12-15,,Active,N/A
acc-100940,500062,BR109,CD,USD,2023-09-18,,Frozen,67702.99
ACC-101027,500274,BR117,   CD   ,USD,19/12/2025,,Active,78700.99 usd
ACC-100278,500427,BR106,CD,USD,null,,Active,66703.48
ACC-101263,500317,BR107,Money Market,USD,20180402,,Active,29093.65
ACC-100167,500322,BR108,CD,USD,28-02-2025,,Dormant,9768.99
ACC-100875,500368,BR100,Money Market,USD,30/06/2021,,Active,59523.98
ACC-101140,500332,BR117,Checking,USD,2023-11-25,,Active,19292.87 usd
ACC-100745,500618,BR100,Savings,USD,"Nov 18, 2020",,Active,71905.75
ACC-100982,500747,BR104,Savings,US$,"Jun 16, 2026",07/08/2026,Closed,null
ACC-100032,500437,BR110,SAVINGS,usd,"Aug 31, 2020",,Active,59724.67
ACC-100992,500297,BR103,CD,USD,20230924,,Active,76648.87
ACC-101246,500166,BR106,Savings,USD,28/10/2024,,Active,56063.43
ACC-101167,500643,BR114,CD,USD,27-07-2023,,Active,38805.76
ACC-101230,500174,BR115,Savings,USD,20200409,,active,1488.38
ACC-101178,500659,BR114,CD,USD,20-02-2018,,Active,71207.6
ACC-101191,500394,BR107,Checking,USD,2023-05-09,20260423,Closed,61178.17
ACC-101087,500743,BR109,Money Market,USD,"Sep 11, 2024",,Active,64364.41 usd
ACC-101226,500369,BR108,Money Market,usd,04/16/2019,,Active,83088.65
ACC-100947,500188,BR114,CD,usd,26/09/2023,,Dormant,84228.08
ACC-100565,500533,BR108,CD,USD,25/01/2019,,Active,28885.32
ACC-100468,500165,BR115,Money Market,USD,25-10-2023,,Active,9758.95
ACC-100007,500734,BR104,CD,USD,29-05-2025,,Active,56149.37
ACC-100882,500241,BR110,Checking,USD,11/25/2025,,Active,67261.39
ACC-100641,500493,BR107,Savings,USD,2018-07-12,,Active,33136.84
ACC-100424,500143,BR111,Checking,USD,11-02-2022,20230730,Closed,71.99
ACC-100189,500027,BR102,money market,USD,"Nov 26, 2025",,Active,42263.49
ACC-100634,500147,BR112,Savings,USD,01/27/2017,,aCTIVE,16480.45
ACC-100274,500612,BR102,Money Market,usd,13-05-2024,,Active,16710.67
ACC-101100,500155,BR111,Savings,US$,"Jun 19, 2018",,Active,57173.11
ACC-100080,500332,BR114,Savings,USD,"May 08, 2022",,Active,44448.79
ACC-100616,500194,BR114,CD,USD,20251118,,Active,null
ACC-100363,500227,BR100,Savings,USD,"Aug 04, 2023",,Active,N/A
ACC-100452,500445,BR101,Money Market,USD,2017-09-30,,Active,60239.64
ACC-100299,500023,BR102,Checking,USD,10/20/2017,2023-12-02,Closed,82121.29
acc-100285,500364,BR113,Money Market,USD,12/03/2023,,Active,52068.5
ACC-100818,500718,BR117,CD,USD,20250801,,Active,"$52,789.99"
ACC-100996,500313,BR116,Checking,USD,05/10/2017,,Active,44801.91
ACC-100375,500455,BR109,Checking,USD,01-11-2019,,Dormant,59728.16
ACC-100595,500112,BR113,Money Market,USD,20200422,20220816,Closed,null
ACC-101112,500595,BR105,CD,USD,07/01/2022,,Frozen,84890.46
ACC-100336,500252,BR107,CD,US$,"Jun 05, 2021",,Active,78305.03
ACC-101130,500272,BR100,Money Market,USD,25-08-2019,,ACTIVE,43297.47
ACC-100715,500472,BR113,Savings,USD,"Feb 16, 2017",,Frozen,10064.46
ACC-100927,500485,BR103,CD,USD,"Mar 26, 2025",,Active,79669.4
ACC-100339,500033,BR103,Savings,usd,20241224,,Frozen,40373.69
ACC-100061,500147,BR112,Checking,USD,"May 18, 2017",,Active,83222.78
ACC-101091,500161,BR102,Checking,usd,12/14/2023,,Active,38437.18
ACC-100887,500038,BR111,Savings,USD,30-09-2023,,Active,84079.4
ACC-100491,500496,BR107,-,USD,"Oct 16, 2023",03/22/2024,Closed,"$50,816.60"
ACC-100246,500240,BR111,Checking,USD,02-12-2022,02-07-2025,Closed,7581.41
ACC-100168,500514,BR102,Checking,USD,05/11/2023,,Active,82788.57
ACC-101211,500242,BR100,CD,USD,2017-05-21,,Active,57623.63
ACC-100624,500666,BR113,CD,USD,16/05/2018,,Active,47159.1
ACC-101046,500620,BR102,Checking,USD,20190701,,Active,41470.02
ACC-101227,500283,BR101,CD,usd,25/08/2021,,Active,3319.93
ACC-100091,500424,BR103,CD,USD,2024-04-08,,Dormant,44064.74
ACC-100822,500532,BR103,Savings,usd,11/23/2019,,Active,33212.44
ACC-101086,500122,BR100,Checking,USD,2021-04-12,,Active,14300.1
ACC-101070,500014,BR106,Checking,USD,08-10-2020,,Active,14633.82
ACC-101119,500122,BR110,Savings,USD,15-02-2021,15/02/2022,Closed,12874.49
ACC-100794,500708,BR106,unknown,USD,06/08/2018,,Active,19996.09
ACC-100369,500373,BR104,Checking,USD,19-01-2017,,Active,5319.34
ACC-100930,500369,BR112,Savings,usd,2025-02-06,,Active,68445.0
ACC-101208,500175,BR114,Savings,US$,03/06/2020,20210509,Closed,56764.46 usd
ACC-100796,500527,BR114,Savings,USD,12/04/2022,,Active,18389.65
ACC-100891,500447,BR108,Money Market,USD,09/22/2021,,Active,6148.75
ACC-100628,500013,BR110,cHECKING,US$,02/06/2020,,Active,63255.85
ACC-100547,500291,BR115,Savings,USD,08/04/2020,,Active,41454.15
ACC-100562,500682,BR103,Savings,USD,"Sep 07, 2023",,Active,83118.08
ACC-100376,500048,BR110,Checking,US$,14/03/2023,,Active,24204.38
ACC-101042,500671,BR104,Money Market,usd,"Oct 02, 2017",2019-05-18,Closed,unknown
ACC-100810,500430,BR110,Checking,USD,03/08/2023,,Active,36249.6
ACC-100183,500549,BR108,Checking,USD,2017-10-29,,Dormant,18143.24
ACC-100316,500413,BR116,Checking,USD,05/11/2023,,Active,28251.48
ACC-100458,500327,BR111,CD,USD,01-10-2019,,Active,18802.76
ACC-100143,500029,BR104,Savings,USD,20170427,,Active,727.24
ACC-101116,500075,BR110,Checking,USD,29-06-2017,,  Active   ,68679.7
ACC-101253,500554,BR108,Money Market,USD,20161111,,Active,22884.61
ACC-100578,500119,BR105,Money Market,USD,20180409,,Active,50541.53
ACC-100050,500604,BR104,,USD,03/11/2025,,Frozen,13954.11
ACC-100575,500215,BR100,CD,USD,14-02-2020,,Closed,62711.22
ACC-101071,500146,BR114,cd,USD,14-02-2023,,Active,78748.62
ACC-100058,500643,BR100,CD,USD,12/06/2023,,Dormant,
ACC-100266,500220,BR102,Money Market,null,09-07-2017,,Active,21341.27
ACC-100321,500135,BR112,Checking,USD,10/13/2018,,Active,10497.2
ACC-100610,500061,BR103,Checking,USD,2026-01-15,,Active,3778.75
ACC-100120,500147,BR117,Checking,USD,14-07-2022,,Frozen,20807.14
ACC-100313,500383,BR102,Checking,USD,2020-04-02,,Active,74341.35 usd
ACC-100462,500653,BR113,Money Market,USD,06/12/2016,,Active,69537.0
ACC-100671,500689,BR108,SAVINGS,usd,20170512,,Active,"$41,663.88"
ACC-101038,500232,BR101,Money Market,USD,25-08-2023,,Frozen,2318.02
ACC-100613,500224,BR105,Checking,USD,"Nov 27, 2020",,Active,26055.18
ACC-100809,500275,BR107,CD,USD,01/12/2017,,Active,31915.57
ACC-100968,500105,BR104,Savings,USD,2019-06-21,,Active,-
ACC-100427,500406,BR103,Savings,USD,12-11-2022,,Active,11349.05
ACC-100439,500030,BR112,Checking,USD,17-02-2019,,Active,unknown
ACC-101057,500035,BR109,Checking,usd,04/01/2017,,Active,null
ACC-100701,500100,BR114,Money Market,USD,"Apr 10, 2024",,Active,70703.12
ACC-100182,500296,BR101,null,USD,"Jun 02, 2019",,Active,21189.24
ACC-100564,500156,BR110,Savings,USD,"Apr 30, 2020",,Dormant,15252.27
ACC-100535,500015,BR109,Money Market,USD,13-03-2021,,Frozen,15558.24
ACC-100041,500700,BR117,Savings,USD,23/01/2019,,Dormant,71341.9
ACC-100902,500086,BR105,Money Market,USD,"Jan 02, 2025",,   Active   ,38423.29
ACC-101259,500036,BR117,Savings,USD,20211127,,Active,unknown
ACC-100958,500310,BR107,Checking,,"Dec 31, 2022",,Active,83508.46
ACC-100970,500626,BR117,CD,US$,03-01-2023,,Active,"$16,841.71"
ACC-100482,500368,BR111,Money Market,USD,04/03/2024,,Active,1233.36
ACC-101136,500045,BR117,Money Market,USD,2021-03-03,20260709,closed,14686.98
ACC-101001,500727,BR105,Savings,US$,"Apr 02, 2018",,Active,22636.66
ACC-100289,500151,BR109,Checking,USD,24/09/2025,,Active,2959.02
ACC-101133,500678,BR103,  CD   ,US$,13/07/2022,,ACTIVE,49547.07
ACC-100103,500401,BR106,CD,USD,"Apr 24, 2017",,Active,35703.68
ACC-100254,500656,BR117,Money Market,USD,22/12/2017,2024-02-13,Closed,55082.31
acc-100262,500145,BR106,Checking,USD,02-03-2024,,Dormant,20977.17
ACC-100673,500391,BR109,Money Market,USD,2021-01-10,,Active,25080.09
ACC-101029,500749,BR117,Savings,USD,02/04/2021,,Active,n/a
ACC-100845,500131,BR102,Checking,USD,"Sep 19, 2025",,Active,82040.15
acc-100755,500160,BR108,CD,USD,01/07/2021,,Active,39802.93
ACC-100146,500576,BR115,Money Market,USD,08-07-2022,,Dormant,"$23,016.58"
   ACC-100686   ,500281,BR105,Checking,USD,19/01/2019,,Active,62204.98
ACC-100775,500066,BR102,CD,USD,05/09/2025,,Active,70716.31 usd
  ACC-100421   ,500048,BR102,CD,USD,09-11-2019,,Active,37069.93
ACC-100529,500746,BR112,CD,USD,24/03/2023,,Active,38514.92
ACC-100926,500623,BR108,Savings,usd,2016-11-13,,Active,19007.71
ACC-100154,500623,BR101,Checking,USD,13-11-2020,,Active,24908.01
ACC-100013,500363,BR108,CD,USD,20230825,,Active,41403.93
ACC-100131,500579,BR113,CD,USD,20200912,,Active,7694.22
ACC-100438,500555,BR114,Checking,USD,26/02/2026,,Active,34681.54
ACC-101256,500355,BR107,CD,USD,"Mar 09, 2020",,Active,19904.63
ACC-100461,500493,BR111,Money Market,USD,2025-11-23,,Active,76831.01
ACC-100412,500317,BR107,Money Market,USD,13/02/2021,,Active,1267.65
ACC-100765,500412,BR117,Checking,USD,2024-12-26,,Frozen,13924.26
ACC-100590,500517,BR115,CD,USD,02/05/2018,,Active,
ACC-100297,500449,BR112,CD,USD,05-10-2020,,Active,19792.07
ACC-100098,500724,BR104,Savings,USD,09-09-2021,,Active,57308.09
ACC-101159,500272,BR108,CD,USD,2017-05-24,,Closed,23200.29
ACC-100163,500017,BR116,Savings,USD,16-12-2022,17-04-2025,Closed,"3,510.24"
ACC-100682,500651,BR117,Savings,USD,2024-01-28,,Active,"$26,796.24"
ACC-101102,500658,BR113,CD,USD,"Jun 01, 2024",,Active,16107.09
ACC-100644,500090,BR105,Money Market,USD,20220531,,Active,73266.6
ACC-101106,500171,BR113,Money Market,USD,15/12/2022,"Dec 18, 2025",Closed,UNKNOWN
ACC-100699,500075,BR109,SAVINGS,USD,03/28/2025,,Active,15509.81
ACC-100583,500426,BR100,Checking,USD,20240926,,Active,76065.05
ACC-100763,500645,BR109,Savings,USD,18-04-2017,,Active,59495.44
ACC-100422,500200,BR110,Savings,USD,2024-08-08,,Active,66826.87
ACC-100492,500108,BR101,Money Market,usd,14-01-2019,,Active,15224.18
ACC-101092,500635,BR113,CD,USD,2017-07-06,,Active,48091.77
ACC-101153,500329,BR110,Checking,USD,02/15/2025,,Active,44425.34
ACC-100130,500222,BR110,CD,usd,"Jul 29, 2020",,Active,55832.76
ACC-100320,500608,BR101,Money Market,,26/04/2026,,Active,59730.67
ACC-101111,500630,BR117,Checking,USD,25/02/2021,,Active,74411.92
ACC-100442,500650,BR100,Savings,USD,24/07/2025,,Active,23498.98
ACC-100071,500029,BR102,CD,USD,"Mar 26, 2023",,Active,37483.55
ACC-101076,500363,BR116,   Checking   ,USD,07/09/2017,,Active,52995.4
ACC-100112,500496,BR114,cd,USD,"Mar 03, 2022",,Active,51892.52
ACC-100485,500236,BR102,Checking,USD,23/11/2020,,Active,13761.84
ACC-100465,500382,BR102,CD,USD,"Jun 27, 2026",,Active,77299.64
ACC-100259,500646,BR106,Money Market,USD,16/06/2026,,Active,30782.04
ACC-100230,500646,BR106,Savings,USD,2021-01-20,,Dormant,69104.22
ACC-100150,500336,BR104,CD,USD,15/10/2017,,ACTIVE,67612.84
ACC-100729,500108,BR104,Savings,USD,01/23/2026,,Active,"$48,502.01"
ACC-100193,500690,BR106,CD,USD,20/01/2019,,Active,64446.67
  ACC-100353   ,500566,BR107,Money Market,USD,15/03/2021,,Dormant,84707.83
ACC-100798,500717,BR111,NULL,USD,10/12/2025,,Active,43354.68
ACC-100417,500093,BR113,CD,USD,31-12-2018,,Active,16659.27
ACC-101056,500310,BR113,CD,USD,20/11/2021,,Active,5347.58
ACC-100226,500649,BR100,Savings,USD,2020-07-23,,Active,48278.06
ACC-101053,500655,BR105,Checking,US$,30-07-2020,,Closed,81473.13
ACC-101188,500530,BR109,Money Market,usd,20180501,20210531,Closed,48609.01
ACC-101270,500180,BR110,Savings,USD,20170209,,Active,-
ACC-100279,500165,BR104,Money Market,USD,20190505,,Active,348.79
ACC-100014,500601,BR101,Savings,USD,20200617,,Active,21200.86
ACC-101008,500567,BR101,CD,USD,12/08/2018,,Active,3599.47
ACC-100841,500618,BR114,Savings,USD,09-12-2018,,Active,9799.89
ACC-100387,500639,BR109,Money Market,USD,03-11-2021,,Active,NULL
ACC-100349,500552,BR109,null,USD,07-09-2023,,Active,23756.27
ACC-101250,500167,BR112,Savings,usd,2020-06-07,,Active,41160.85
ACC-100753,500507,BR100,Savings,USD,2016-10-24,,Active,46694.53
ACC-100589,500333,BR106,Money Market,USD,2023-09-26,20241019,Closed,78817.26
ACC-101021,500634,BR115,Savings,USD,20201025,,Active,82947.99
ACC-100138,500321,BR111,CD,US$,2018-09-02,,Active,53704.17
ACC-100258,500465,BR101,Checking,USD,08/28/2025,,Active,10914.32
ACC-100260,500240,BR105,Money Market,USD,19-10-2021,,Active,"71,394.24"
ACC-100018,500156,BR107,CD,USD,12/01/2024,,Active,1291.57
ACC-100199,500122,BR114,Money Market,USD,2022-10-02,15/09/2024,Closed,42788.11
ACC-100737,500569,BR100,Checking,USD,"Sep 08, 2023",,Active,63126.23
ACC-100010,500282,BR105,Savings,USD,2019-05-25,,Active,61531.32
ACC-100515,500739,BR106,Money Market,USD,21-08-2024,,Dormant,39902.9
ACC-100270,500354,BR107,CD,USD,19/01/2022,,Active,31992.55
ACC-100939,500418,BR103,Savings,USD,22/07/2023,02-05-2024,Closed,77448.21
ACC-100596,500020,BR105,CD,USD,06-05-2025,,Active,48475.81
ACC-101063,500133,BR108,Money Market,USD,08-12-2023,,Active,63059.2
ACC-100478,500119,BR101,CD,USD,30/05/2025,,Active,2706.13
ACC-100306,500238,BR103,Money Market,USD,20171122,,Active,79022.37
ACC-100048,500148,BR113,Savings,USD,26-10-2020,,Dormant,7980.22
ACC-100060,500321,BR116,CD,USD,"Nov 28, 2019",,Active,"$56,521.57"
ACC-100606,500083,BR103,Savings,NULL,2024-10-25,,Frozen,8118.47
ACC-100341,500244,BR105,Checking,USD,06/12/2023,,Active,54887.89
ACC-100866,500699,BR115,CD,USD,"Mar 30, 2019",,Active,62805.83
ACC-100513,500465,BR106,Savings,USD,08-08-2021,,Active,55572.41
ACC-100382,500722,BR105,Money Market,USD,06-12-2025,,Active,"$55,498.25"
ACC-100117,500228,BR115,Checking,USD,2026-03-05,,Active,8787.49
ACC-100428,500618,BR104,CD,usd,29-11-2018,,Dormant,12348.13
ACC-100754,500514,BR100,Checking,USD,2022-05-13,,Dormant,67023.29
ACC-101225,500403,BR107,CD,USD,05/31/2021,,Active,N/A
ACC-100015,500062,BR113,CD,US$,01/09/2025,,Dormant,58042.13
ACC-100990,500455,BR104,Money Market,usd,20220408,,Active,58099.33
ACC-100851,500650,BR103,Checking,USD,21/03/2020,,Active,73589.57
ACC-100950,500458,BR111,checking,USD,17-12-2017,,Dormant,35101.55
ACC-100516,500217,BR117,Savings,usd,11/29/2020,,Closed,32257.96
ACC-100107,500336,BR103,CD,USD,20170925,,Active,1397.41
ACC-100244,500228,BR116,Checking,USD,20240708,,Dormant,80263.56
ACC-101277,500267,BR104,CD,USD,18-03-2021,,Active,64108.27
ACC-101164,500688,BR117,UNKNOWN,usd,24/10/2017,,Active,12801.59
ACC-101142,500339,BR105,Money Market,usd,unknown,,Dormant,70001.32
ACC-101298,500087,BR114,Savings,USD,"Dec 27, 2017",11-05-2022,Closed,53641.98
ACC-101068,500208,BR112,CD,USD,NULL,,Active,54073.05
ACC-100019,500054,BR103,CD,USD,2022-09-08,,   Active   ,5263.79
ACC-101293,500301,BR109,Money Market,USD,06-11-2022,,Active,9684.67
ACC-100584,500269,BR107,Savings,USD,20250324,,Active,58190.03
ACC-101290,500164,BR110,Checking,US$,"Apr 01, 2017","Jul 19, 2021",Closed,43826.45
ACC-100200,500437,BR105,savings,USD,12/27/2025,,Active,24483.42 usd
ACC-100870,500053,BR106,Money Market,USD,"Sep 20, 2018",,Active,60718.6
ACC-100921,500640,BR116,Checking,USD,22-05-2026,,Active,51337.3
ACC-100401,500733,BR109,Money Market,USD,04/21/2023,20230508,Closed,43255.07
ACC-100394,500045,BR105,Money Market,USD,19-01-2021,,Active,72018.31 usd
ACC-100953,500295,BR101,Savings,USD,2026-02-11,2026-06-26,Closed,8703.16
ACC-100231,500027,BR105,CD,NULL,2016-09-07,,Active,40249.74
ACC-100496,500225,BR108,Savings,USD,22/01/2020,,Active,22766.53
ACC-101222,500565,BR106,Money Market,USD,20250325,,Active,31287.04
ACC-101138,500613,BR102,Savings,usd,2016-10-01,,Active,51577.46
ACC-101079,500742,BR104,Savings,USD,2019-10-25,,Active,20828.13
ACC-100261,500560,BR104,SAVINGS,USD,20160921,,Active,12088.64
ACC-100771,500241,BR102,CD,USD,15/06/2018,,Active,34631.49
ACC-100237,500513,BR110,Checking,usd,17/09/2024,,Active,47413.29
ACC-100521,500510,BR116,Checking,US$,14/08/2021,,Dormant,25690.53
ACC-101202,500462,BR115,Savings,USD,31/12/2020,,Active,25467.17
ACC-100031,500082,BR115,Checking,USD,"Jun 05, 2024",,Active,74199.73
ACC-100795,500731,BR116,CD,usd,"Jul 12, 2021",,Active,73304.95
ACC-100861,500416,BR112,CD,USD,12/09/2021,,Dormant,71471.13
ACC-100361,500505,BR115,Money Market,usd,2022-08-26,,Active,11746.36
ACC-101292,500638,BR115,Money Market,USD,14/02/2023,,Active,45728.77
ACC-101187,500298,BR116,Checking,USD,09-11-2025,,Dormant,84095.52
ACC-100135,500225,BR101,CD,USD,2025-09-30,,Active,48759.47
ACC-100695,500020,BR106,Money Market,USD,20240306,,Active,18598.35
ACC-100157,500534,BR116,CD,USD,08/15/2020,,aCTIVE,6228.21
ACC-100139,500261,BR110,Money Market,USD,2022-04-26,,Active,69624.33
ACC-100866,500699,BR115,CD,USD,"Mar 30, 2019",,Active,62805.83
ACC-101196,500347,BR116,Checking,USD,2025-08-31,,Active,"$52,469.94"
ACC-100614,500204,BR117,Savings,USD,2016-10-17,,Active,unknown
ACC-100252,500580,BR105,CD,USD,"Sep 17, 2017",,Active,13572.98
ACC-100175,500587,BR113,Savings,USD,11-04-2023,2024-07-04,Closed,82460.55
ACC-100752,500117,BR108,savings,USD,08/07/2023,,Dormant,72268.27 usd
ACC-100723,500077,BR104,Money Market,USD,03/02/2023,,Frozen,51220.57
acc-100271,500209,BR112,CD,USD,04/01/2024,,Active,39216.17
ACC-100770,500179,BR100,Money Market,usd,08/09/2021,,Active,48152.07
ACC-100277,500654,BR115,Money Market,USD,20220527,,Frozen,84777.92
ACC-100396,500441,BR108,CD,USD,31/05/2021,,Active,69219.75
ACC-100629,500112,BR111,Savings,USD,"Mar 31, 2019",,Active,55432.2
ACC-100027,500167,BR115,Savings,USD,20200315,,Dormant,31600.79
ACC-100933,500719,BR102,Money Market,USD,20/03/2020,,Dormant,3582.23
ACC-100021,500239,BR102,Checking,USD,13-03-2021,,Active,43958.35
ACC-100759,500211,BR101,Money Market,USD,11-08-2023,,Active,38217.85
ACC-100526,500524,BR101,Savings,USD,26/11/2017,,Active,66920.55
ACC-100241,500135,BR112,Money Market,usd,30/09/2020,,ACTIVE,30990.2
ACC-100787,500129,BR107,Savings,USD,04/01/2025,,Active,1596.66
ACC-100672,500521,BR101,CD,USD,20170902,,Active,75833.86
acc-100040,500558,BR112,N/A,USD,23/08/2021,08-08-2024,Closed,71718.71
ACC-100857,500400,BR103,Savings,USD,2017-02-01,,Dormant,25162.8
ACC-101180,500464,BR116,Savings,USD,2018-03-08,,Active,71591.24
ACC-100800,500724,BR102,Savings,USD,09/16/2022,,Active,80484.84
ACC-100308,500699,BR109,Savings,USD,06-08-2025,,Active,61585.8
ACC-100929,500021,BR105,Savings,US$,23/05/2026,,Active,3855.57
ACC-101289,500253,BR106,Money Market,USD,16/04/2023,,Frozen,8616.25
ACC-100063,500286,BR107,Money Market,USD,27/07/2024,,Active,"33,984.64"
ACC-100594,500236,BR111,Savings,USD,19/01/2018,,DORMANT,62427.37
ACC-100767,500562,BR104,Money Market,USD,"Aug 27, 2017",,Active,52156.79
ACC-100366,500432,BR106,Savings,USD,20230325,,Active,64066.09 usd
ACC-100115,500187,BR100,CD,USD,23/09/2017,,Active,6699.65
ACC-101245,500393,BR106,Savings,USD,14-05-2025,,Closed,14729.12
ACC-100706,500342,BR106,Checking,USD,"Mar 29, 2020",20241113,Closed,79371.28
ACC-100151,500460,BR100,Savings,US$,20210820,,Active,13396.2
ACC-100114,500088,BR110,Savings,USD,22/06/2023,,Active,49006.82 usd
ACC-100073,500503,BR109,Money Market,USD,17/04/2021,,Active,13823.11
ACC-100792,500676,BR100,Checking,USD,27/09/2018,,Dormant,19966.83
ACC-101220,500314,BR104,Money Market,USD,2020-02-23,,Active,34165.18
ACC-100831,500244,BR117,N/A,USD,2024-08-22,,Active,53806.61
ACC-101273,500005,BR105,Money Market,US$,10/30/2020,,Active,22995.01
ACC-100722,500580,BR109,Checking,,09-07-2022,20241124,Closed,-
ACC-101183,500099,BR106,CD,USD,08-03-2023,"Dec 14, 2024",Closed,69656.96
ACC-100560,500198,BR114,checking,USD,25-02-2020,,Active,8698.1
ACC-101152,500650,BR110,Money Market,USD,02/27/2020,,Active,38234.13
ACC-101216,500360,BR102,Money Market,usd,08-06-2018,,Active,70919.04
ACC-100099,500427,BR105,Money Market,usd,10/03/2020,,Frozen,7078.76
ACC-100855,500428,BR106,Savings,USD,11/09/2020,,Active,NULL
ACC-101066,500221,BR106,Savings,USD,28-11-2016,,Active,40798.89
ACC-100028,500303,BR102,CD,USD,20220519,,aCTIVE,18127.53
ACC-100460,500711,BR115,CD,USD,20211030,,Frozen,3470.63
ACC-100922,500165,BR106,CD,USD,04/09/2021,,Active,46622.38
ACC-101074,500102,BR110,Savings,USD,17/07/2023,,Active,33011.37
ACC-100906,500737,BR104,Money Market,USD,20180224,,Active,75741.91
ACC-100235,500342,BR105,Checking,USD,"Sep 25, 2021",,Active,74458.95
ACC-101297,500067,BR107,CD,USD,13-08-2024,,Frozen,73090.17
ACC-101175,500151,BR100,CD,USD,16/03/2017,20180706,Closed,67168.32
ACC-100519,500399,BR115,CD,USD,20251203,,Active,51230.67
ACC-101026,500040,BR103,CD,USD,20200727,,Active,51790.61
ACC-101113,500365,BR105,Checking,USD,"Nov 26, 2021",,Closed,9069.15
ACC-100727,500738,BR103,Checking,USD,19-10-2024,,Active,62940.91
ACC-100574,500296,BR100,Savings,USD,"Sep 09, 2023",,Active,78115.26
ACC-100441,500034,BR100,CD,USD,11/30/2023,,Active,2682.44
ACC-100907,500177,BR112,Checking,USD,2017-08-14,,Active,64513.39
ACC-100251,500210,BR103,CD,usd,01/05/2017,,Active,38140.22
ACC-100405,500474,BR103,Checking,USD,"May 24, 2022",,Active,19801.14
ACC-100025,500303,BR101,Savings,USD,,20251005,Closed,20164.93
ACC-100445,500602,BR104,Money Market,US$,03/20/2024,,Active,14215.94
ACC-100223,500118,BR115,Checking,USD,10-12-2022,,Active,41227.65
ACC-100542,500142,BR106,Money Market,USD,15/07/2021,,Active,67185.67
ACC-101121,500204,BR116,Savings,US$,11/02/2021,,Frozen,58458.45
ACC-100426,500020,BR105,Savings,USD,2017-07-05,,Active,76011.69
ACC-100670,500451,BR103,Money Market,USD,02/03/2023,,Active,75985.78
ACC-100186,500033,BR112,Money Market,usd,18/07/2025,,Active,6525.16
ACC-100599,500688,BR110,   Money Market   ,-,2021-11-29,,Active,24930.87
ACC-101034,500747,BR101,Checking,US$,2020-05-23,,Active,42182.78
ACC-100615,500449,BR109,Money Market,USD,19/11/2024,,Active,26406.85
ACC-100134,500285,BR101,CD,usd,20190221,,Active,50004.15
ACC-100356,500453,BR110,Savings,USD,20211225,,active,58362.33
ACC-100026,500418,BR110,Money Market,USD,01/13/2019,,Active,59754.48
ACC-100658,500488,BR106,Savings,usd,20171102,,Active,53648.61
ACC-100994,500370,BR107,Savings,USD,"Sep 27, 2023",,Active,25131.74
ACC-101295,500465,BR112,Checking,USD,06/11/2024,,Active,11391.03
ACC-101055,500335,BR111,Money Market,USD,20221003,24-01-2026,Closed,83645.23
ACC-100818,500718,BR117,CD,USD,20250801,,Active,"$52,789.99"
ACC-100195,500433,BR110,Savings,USD,"Jul 21, 2022",,Active,83597.87
ACC-100690,500334,BR109,Savings,USD,,,Active,46172.22
ACC-101275,500371,BR117,CD,US$,30-11-2019,,Active,"$34,685.70"
ACC-100245,500378,BR104,Money Market,USD,19-10-2022,20250825,Closed,11108.98 usd
ACC-100494,500157,BR114,Money Market,USD,11/03/2022,,Active,24903.43
ACC-100900,500650,BR107,Money Market,USD,"Mar 20, 2020",,Frozen,36424.05
ACC-100466,500600,BR109,Money Market,USD,2024-01-21,08/07/2024,Closed,55198.51
ACC-101052,500424,BR113,Checking,USD,20181203,,Active,46331.14
ACC-100544,500671,BR113,savings,USD,07-04-2019,,Frozen,11601.57
ACC-100207,500352,BR108,Money Market,US$,01/29/2019,,Active,72522.35
ACC-100789,500600,BR113,CD,USD,"Aug 10, 2021",,Active,3780.8
ACC-101005,500644,BR100,Savings,USD,2022-04-11,,Active,57969.59
ACC-100160,500191,BR104,CD,USD,29-01-2018,,Active,66062.06
ACC-101147,500349,BR106,Checking,USD,2018-04-10,31/03/2020,Closed,68280.5
ACC-100449,500346,BR116,Savings,USD,"May 05, 2020",,Active,10676.39
ACC-100215,500669,BR106,Money Market,usd,11/30/2016,,Dormant,75581.81
ACC-100411,500122,BR102,CD,USD,2018-03-02,,Active,18385.82
ACC-100743,500433,BR101,Savings,USD,n/a,26-11-2025,Closed,16718.39
ACC-100609,500531,BR109,Money Market,USD,"Jul 20, 2020",,Active,56959.3
ACC-100863,500645,BR104,Checking,USD,04/06/2024,,Active,28088.97
ACC-100037,500299,BR110,Money Market,USD,12/11/2025,,aCTIVE,36943.06
ACC-101255,500594,BR101,Checking,US$,20-11-2025,20260719,Closed,55591.75
acc-100338,500666,BR101,Savings,USD,18-06-2021,,Active,54942.91
ACC-100358,500238,BR112,mONEY mARKET,USD,"Dec 18, 2018",,Active,37422.54
ACC-100669,500111,BR100,Checking,USD,27/05/2021,,Active,78592.05
ACC-100720,500064,BR105,Savings,USD,NULL,,Active,32676.24
ACC-101023,500475,BR107,   Savings   ,usd,05/11/2017,,Active,83598.61
ACC-100337,500396,BR102,Savings,USD,"Feb 20, 2018",,Active,11920.09
ACC-100456,500478,BR100,  Money Market   ,USD,"Apr 13, 2024",,Active,37435.04
ACC-100368,500628,BR114,Money Market,USD,20161104,,active,61246.48
acc-100549,500472,BR115,Checking,USD,"Dec 31, 2019",,Active,41511.72
ACC-100164,500338,BR108,Savings,,12/17/2025,,Active,2314.94
ACC-101221,500139,BR117,Savings,USD,07/01/2026,,Frozen,72770.95
ACC-100479,500642,BR101,Savings,USD,2019-03-23,,Active,33128.52
ACC-100238,500092,BR105,Money Market,usd,"Jul 24, 2024",,Active,59036.49
ACC-100292,500529,BR105,CD,USD,2024-10-25,08/15/2025,Closed,"59,084.23"
ACC-100667,500510,BR106,Checking,USD,"Jan 06, 2022",,Dormant,8242.32
ACC-101118,500337,BR117,Checking,USD,2025-08-09,,Active,26750.71
ACC-100034,500153,BR108,Money Market,usd,20210614,,Active,-4.15 usd
ACC-100638,500553,BR117,Money Market,USD,20190223,,Dormant,-
ACC-101239,500076,BR102,Checking,USD,03/21/2021,,Active,34862.31
ACC-101101,500426,BR112,CD,USD,09/23/2017,,Active,12364.17
ACC-100618,500130,BR113,   Money Market   ,n/a,12/22/2019,,Active,59064.65
ACC-100317,500277,BR103,Money Market,US$,2023-02-25,,Active,50559.07
ACC-100116,500379,BR103,CD,US$,09-12-2018,,Active,"59,909.22"
ACC-101257,500463,BR104,Money Market,USD,"Feb 05, 2018",,Dormant,33825.94
ACC-100903,500225,BR116,CD,USD,2018-08-07,,Active,81323.49
ACC-100828,500501,BR111,Money Market,USD,19-09-2023,,Active,45031.85
ACC-100033,500027,BR104,Savings,USD,"Jan 27, 2020",,Active,19889.74
ACC-101300,500742,BR111,Money Market,usd,25-10-2025,,Active,66741.14
ACC-100282,500735,BR103,Savings,USD,"Feb 01, 2019",,Active,77788.22
ACC-100935,500217,BR102,Savings,USD,31-05-2023,,Active,14183.88
ACC-100607,500366,BR108,Savings,USD,2021-06-12,,Active,"$19,042.78"
ACC-100190,500567,BR104,Savings,USD,20211122,,Dormant,38969.43
ACC-101073,500688,BR117,Money Market,USD,20250503,,Active,6380.66
ACC-100537,500730,BR109,Checking,usd,2021-07-08,,Active,45879.69
ACC-100528,500229,BR101,CD,USD,11/08/2022,,Active,58472.44
acc-100198,500035,BR101,Money Market,USD,05/03/2020,,Active,41570.56
ACC-100808,500503,BR104,Checking,USD,"Apr 15, 2024",,Active,"$8,107.46"
ACC-100827,500630,BR114,Checking,USD,"May 07, 2021",,Active,19705.49
ACC-100221,500155,BR102,Money Market,USD,08/02/2020,,Active,6219.12
ACC-100106,500195,BR102,Money Market,USD,"Sep 22, 2016",,Active,51747.89 usd
ACC-101041,500219,BR102,Checking,USD,06-01-2018,,Dormant,24702.81
ACC-100674,500531,BR108,Money Market,USD,08/28/2017,07/01/2026,Closed,54072.22
ACC-100744,500502,BR110,Savings,USD,14/12/2023,,Active,61656.04
ACC-100372,500632,BR110,Checking,USD,12/19/2018,,Active,12926.34
ACC-101018,500208,BR116,Checking,USD,06/28/2025,,Active,3032.33
ACC-101166,500057,BR105,Money Market,USD,31/10/2018,,Dormant,N/A
ACC-100696,500287,BR117,Checking,USD,10/17/2019,,Active,48096.93
ACC-100621,500631,BR117,Money Market,USD,2024-03-16,,Active,12430.79
ACC-101064,500157,BR101,Money Market,USD,04-07-2022,,Active,58186.68
ACC-100588,500351,BR116,CD,USD,"Oct 03, 2016",,Active,19540.55
ACC-100083,500671,BR101,Checking,USD,"Nov 27, 2022",,Active,45315.93
ACC-101077,500687,BR115,CD,USD,20221118,,Active,51826.84
ACC-100437,500543,BR113,CD,USD,"Dec 21, 2025",,Active,52019.4
ACC-101268,500002,BR112,CD,USD,20240129,,Active,78911.75
ACC-100301,500012,BR117,Checking,USD,2024-01-21,,Active,"35,929.75"
ACC-101228,500322,BR104,Checking,usd,05-11-2020,,active,68188.75
ACC-100480,500511,BR116,Checking,USD,04-08-2023,,Active,27600.68
ACC-100065,500047,BR102,Savings,US$,2019-11-17,,Active,4146.66
ACC-101146,500595,BR106,Money Market,USD,"May 31, 2021",,Active,17314.64
ACC-101213,500470,BR114,CD,USD,18-02-2024,,Active,27198.7
ACC-100964,500417,BR112,Checking,USD,25-09-2016,,Active,79821.36
ACC-101141,500510,BR113,unknown,USD,2018-07-02,,Active,26736.55
ACC-100869,500558,BR116,CD,usd,20210408,,Active,45419.28
ACC-100878,500437,BR114,Checking,USD,25-12-2025,,Active,23549.23
acc-101267,500201,BR108,CD,usd,14-05-2019,,Active,41052.51
ACC-100399,500359,BR115,CD,USD,2022-06-13,,Active,
ACC-101265,500139,BR105,Checking,USD,30/03/2020,20/07/2021,Closed,84968.31
ACC-100683,500512,BR105,CD,USD,13-03-2020,,Frozen,8549.24
ACC-100166,500252,BR113,Savings,USD,"Jan 20, 2023",,   Active   ,14947.97
ACC-100020,500082,BR102,CD,USD,08-10-2018,,Active,9552.48
ACC-100509,500350,BR102,Savings,USD,"Sep 05, 2019",,Active,2511.54
ACC-101107,500089,BR117,savings,USD,2021-11-01,21/03/2024,Closed,16418.76
ACC-100602,500228,BR106,Money Market,USD,05-03-2026,,Active,2511.29
ACC-100662,500443,BR111,Savings,USD,20190816,,Dormant,72618.32
ACC-100232,500627,BR109,Savings,usd,"Mar 20, 2018",,Active,8401.4
ACC-101201,500251,BR107,   Money Market   ,USD,05/19/2024,,Active,78545.84
ACC-100790,500629,BR109,Savings,USD,20200413,,Active,31613.94
ACC-100976,500357,BR113,CD,null,06/01/2024,,Active,47268.38
ACC-100731,500300,BR112,Money Market,usd,2022-08-17,,Active,57280.7
ACC-100648,500295,BR112,Money Market,USD,2016-12-04,16/07/2022,Closed,72771.6
ACC-100856,500340,BR109,CD,USD,20251114,,Active,61063.85
ACC-100769,500534,BR100,Money Market,USD,26-03-2024,,active,23234.84
ACC-100220,500255,BR103,Savings,USD,03-03-2025,,   Frozen   ,8901.29
acc-101185,500096,BR100,CD,US$,"Oct 02, 2020",,Dormant,52890.19
ACC-100184,500365,BR106,Savings,USD,04/01/2025,,Active,null
ACC-100704,500742,BR104,Savings,USD,17-01-2020,,Active,76630.88
ACC-101035,500373,BR102,Savings,USD,"Nov 13, 2022",,Frozen,39747.6
ACC-100608,500125,BR101,Checking,USD,20190413,,Active,18543.59
ACC-100093,500561,BR112,Savings,USD,27/05/2025,,Active,33015.85
ACC-100741,500666,BR112,Money Market,USD,"Oct 19, 2016",,Frozen,64997.71
ACC-101117,500625,BR109,Savings,N/A,20250114,,Active,53076.83
ACC-101126,500211,BR116,Savings,USD,05-01-2025,,Active,"$69,826.49"
ACC-100898,500391,BR113,Checking,USD,09-03-2026,,Dormant,24649.94
ACC-100833,500422,BR106,Checking,USD,"Oct 07, 2023",,Active,75690.6
ACC-100577,500393,BR104,Savings,USD,2024-09-01,,Dormant,30745.08
ACC-101173,500248,BR117,CD,,17/01/2021,,Active,26680.09
ACC-100944,500377,BR111,Money Market,USD,2023-04-02,22-04-2026,Closed,41446.66
ACC-100524,500581,BR117,CD,USD,2016-12-28,,Active,74842.11
ACC-100431,500534,BR101,Money Market,USD,08-03-2020,20260522,Closed,
ACC-100319,500240,BR100,Checking,US$,2017-09-18,27-06-2019,Closed,581.43
ACC-100694,500145,BR102,Money Market,USD,"Jun 25, 2026",,Frozen,35532.31
ACC-100487,500590,BR117,Checking,USD,"Dec 20, 2025",,Active,16698.66
ACC-100859,500213,BR113,CD,N/A,2021-11-29,20240916,Closed,55643.82
ACC-101223,500614,BR108,Money Market,USD,"Nov 14, 2016",,Active,-
ACC-101089,500561,BR104,Money Market,US$,"Aug 28, 2020",,   Active   ,59983.09
ACC-101002,500004,BR104,Money Market,USD,02-08-2025,,Active,36043.77
ACC-100044,500489,BR116,Savings,n/a,17/03/2020,,Active,"$7,641.29"
ACC-100666,500117,BR100,Savings,USD,20220626,,Active,25711.09
ACC-100773,500522,BR100,Savings,USD,22/07/2018,,Dormant,59592.81
ACC-100242,500393,BR110,CD,US$,20190503,,Active,15381.95
ACC-100290,500548,BR101,Checking,USD,24-06-2019,2025-06-05,Closed,40136.26
ACC-100030,500741,BR111,Checking,USD,2025-05-25,,Active,21429.57
ACC-100883,500139,BR106,Savings,US$,31/12/2016,2022-10-06,Closed,63596.46
ACC-101261,500491,BR113,Money Market,USD,04/17/2022,,Active,83560.81
ACC-100113,500277,BR108,Money Market,USD,"Sep 04, 2025",07/08/2026,Closed,N/A
ACC-100276,500674,BR106,Checking,usd,20190110,,Dormant,36584.63
ACC-100604,500172,BR104,Money Market,USD,08/01/2022,,Active,16144.11
ACC-100918,500659,BR115,Checking,usd,13-08-2016,,Active,49860.49
ACC-100924,500063,BR116,N/A,USD,23/07/2017,,Active,66563.03
ACC-101047,500372,BR102,Checking,USD,10/02/2019,,Dormant,"36,611.20"
ACC-100545,500715,BR106,Savings,USD,09-03-2021,,Active,15040.15
ACC-101210,500649,BR115,SAVINGS,USD,"Jan 18, 2025",,active,82036.23
ACC-101082,500517,BR104,CD,USD,20161005,,Active,65256.5
ACC-100646,500239,BR103,Checking,USD,20200122,,Active,80118.91
ACC-100357,500116,BR100,Money Market,USD,20250221,,Active,66077.68
ACC-100942,500315,BR116,CD,USD,2017-06-13,,Active,19954.73
ACC-101186,500271,BR110,Money Market,USD,28-09-2024,20250128,Closed,44442.8
ACC-100999,500708,BR101,Money Market,USD,2018-10-05,,Active,55176.19
ACC-101012,500059,BR117,Checking,USD,17/10/2019,,Active,21954.71
ACC-100395,500508,BR111,Money Market,USD,n/a,,Active,32682.15
ACC-101158,500377,BR113,Savings,USD,15/10/2023,,Active,39461.68
ACC-100088,500738,BR110,Savings,USD,"Jan 16, 2022",,Active,14521.41
ACC-100224,500604,BR107,Checking,USD,2016-11-08,,Active,60075.63
ACC-100003,500242,BR114,Checking,USD,20170706,,Active,58561.61
ACC-100659,500211,BR105,Checking,USD,20221126,,Active,83758.86
ACC-100298,500710,BR107,NULL,USD,2024-05-10,,Active,34509.01
ACC-100814,500364,BR109,sAVINGS,USD,2018-10-01,,Active,46035.97
ACC-101122,500749,BR112,Checking,USD,"Dec 02, 2025",,Frozen,-329.05
ACC-101169,500294,BR106,Savings,USD,24-01-2021,,ACTIVE,83529.88
acc-100983,500270,BR113,n/a,USD,"Aug 15, 2022",2026-02-21,Closed,55535.4
ACC-100912,500452,BR116,Savings,USD,10/25/2025,,ACTIVE,77035.69
ACC-100469,500307,BR115,Savings,USD,"Oct 07, 2024",,Active,46513.23
ACC-100011,500232,BR108,Checking,USD,20210722,,Active,82338.0
ACC-100965,500505,BR111,CD,USD,"Mar 04, 2017",,Active,14124.03
ACC-100834,500432,BR109,Checking,USD,"Apr 12, 2025",,   Active   ,12721.38
ACC-100095,500205,BR106,Money Market,USD,unknown,,Active,9195.82
ACC-101266,500517,BR105,CD,USD,06/23/2019,,Active,14990.41
ACC-101084,500234,BR104,Checking,USD,06/30/2024,,Dormant,77535.53
ACC-100420,500571,BR109,CD,USD,20230407,,ACTIVE,42256.52
ACC-100591,500616,BR114,CD,USD,06/18/2021,,Dormant,23249.11
ACC-100774,500546,BR112,Checking,USD,"Apr 08, 2022",,Active,25796.61
ACC-100985,500233,BR100,CD,USD,"May 25, 2021",,Active,67567.43
ACC-101123,500325,BR101,Money Market,USD,"Jun 21, 2021",,Dormant,67641.48
ACC-101155,500423,BR100,Savings,USD,28/05/2021,,ACTIVE,67266.1
ACC-100908,500017,BR101,Money Market,USD,"May 01, 2021",,Dormant,34130.54
ACC-100899,500157,BR104,CD,USD,2016-09-04,,Active,72882.67
ACC-100718,500302,BR104,Money Market,usd,20260517,"Jul 17, 2026",Closed,36833.02
acc-100877,500403,BR117,Savings,USD,"Jun 25, 2019",,Active,7963.62
ACC-100483,500739,BR103,Checking,USD,"Jul 07, 2021",,Active,43668.17 usd
ACC-100702,500344,BR103,Money Market,USD,20200717,,Active,21392.32
ACC-100129,500138,BR108,Money Market,USD,03-01-2023,,Dormant,"70,751.38"
ACC-100132,500444,BR101,CD,USD,2021-10-13,,Dormant,41657.55
acc-100404,500071,BR101,Savings,USD,20170730,22-05-2026,Closed,73341.96
ACC-100078,500723,BR117,Money Market,USD,"Dec 13, 2016",,Active,71859.18
ACC-101139,500530,BR107,CD,USD,20211203,,Active,3642.67
ACC-101293,500301,BR109,Money Market,USD,06-11-2022,,Active,9684.67
ACC-100264,500612,BR104,Money Market,USD,"Sep 29, 2020",,Active,16125.83
ACC-100493,500151,BR103,CD,USD,2017-02-14,,Active,12028.36
ACC-100677,500616,BR103,Checking,USD,05/06/2022,30/07/2022,Closed,76665.24
ACC-100374,500425,BR105,Checking,usd,"Jul 04, 2024",,Active,34423.94
ACC-100309,500535,BR117,Savings,USD,20190517,,Dormant,2818.52
ACC-101217,500611,BR100,null,USD,26-04-2022,,Active,12953.24
ACC-100633,500325,BR105,,USD,"Jan 23, 2019",,Active,"84,574.53"
ACC-100567,500597,BR113,Savings,USD,"May 28, 2021",,Frozen,47735.48
ACC-100039,500354,BR110,CD,USD,19-06-2026,,Active,UNKNOWN
ACC-100352,500717,BR110,Checking,USD,"Jan 16, 2024",,Active,67093.63
ACC-101168,500573,BR102,CD,USD,20260501,,Active,"18,421.30"
ACC-100397,500020,BR107,Savings,US$,19-10-2020,,Active,43228.53
ACC-100415,500361,BR113,CD,null,20180107,,Active,15119.39
ACC-100229,500506,BR111,Checking,USD,10-04-2021,,Active,40505.59
ACC-100506,500553,BR105,cHECKING,USD,"Jul 29, 2018",,Active,20793.26
ACC-100559,500532,BR114,Savings,USD,20170626,,Active,NULL
ACC-101004,500045,BR114,Savings,USD,09/11/2024,,Active,22311.7
ACC-100359,500069,BR113,Checking,USD,05/19/2026,,Active,76400.05
ACC-100892,500086,BR117,Money Market,USD,"Aug 02, 2025",,Active,34145.13
ACC-100038,500270,BR104,n/a,USD,20240715,,Dormant,
ACC-100213,500536,BR108,CD,USD,2022-11-06,,Active,n/a
ACC-101098,500190,BR107,N/A,USD,30-07-2022,,Active,26568.34
ACC-100128,500606,BR111,Money Market,usd,22-04-2018,,Active,
ACC-100083,500671,BR101,Checking,USD,"Nov 27, 2022",,Active,45315.93
ACC-101129,500380,BR110,Checking,USD,10/04/2019,,Frozen,16976.1
ACC-100243,500670,BR111,Money Market,USD,12/26/2023,2024-07-31,Closed,10380.47
ACC-100118,500176,BR117,Money Market,USD,09-04-2026,,Active,30576.22
ACC-100410,500210,BR106,Money Market,USD,"May 27, 2018",,Active,48502.93
ACC-100002,500520,BR106,Savings,USD,20/11/2022,,Active,13744.07
ACC-100941,500118,BR101,Savings,USD,2025-06-21,,Dormant,14101.14
ACC-100470,500436,BR104,Money Market,USD,18/08/2016,20180226,Closed,202.31
ACC-100217,500701,BR108,Checking,USD,04/07/2026,,Active,83432.31
ACC-101280,500371,BR109,Savings,usd,UNKNOWN,,Active,45064.36
ACC-100436,500644,BR114,Money Market,USD,20170503,,Active,27444.91
ACC-100268,500647,BR113,Money Market,USD,12/08/2025,,Active,2816.7
ACC-100165,500048,BR103,Savings,USD,20181109,,   Dormant   ,39872.57
ACC-100734,500557,BR100,Savings,usd,08/24/2023,,Dormant,9157.36
ACC-100710,500696,BR115,Money Market,USD,30-07-2023,,Active,13329.96
ACC-101219,500635,BR100,Savings,USD,26-06-2021,,Active,49803.27
ACC-101157,500246,BR103,Savings,USD,08/04/2022,,Active,45195.36
ACC-101229,500628,BR115,N/A,usd,10-04-2019,,Active,74018.74
ACC-100581,500343,BR100,CD,USD,12/03/2025,,  Active   ,7262.22
ACC-100351,500652,BR104,Savings,USD,07-04-2019,,Active,507.37
ACC-100552,500363,BR112,CD,USD,05/03/2018,,Active,61412.75
acc-101235,500358,BR103,CD,USD,06/12/2016,,Active,41260.25
ACC-100520,500229,BR105,Money Market,USD,20200814,,Active,59228.96
ACC-100348,500077,BR112,cd,USD,02/04/2020,,Active,67796.05
ACC-101090,500572,BR113,Savings,USD,20191019,,Active,74130.42
ACC-100587,500191,BR112,cd,USD,09/13/2021,,Dormant,60026.18
ACC-100778,500085,BR100,Checking,USD,2020-10-27,,Dormant,49244.11
ACC-101171,500046,BR117,CD,USD,2026-01-03,,Active,75267.89
ACC-100847,500173,BR108,cd,USD,12/04/2017,,Active,3845.26
ACC-100525,500475,BR116,CD,USD,21/05/2017,,Active,58874.39
ACC-100194,500258,BR104,Checking,USD,"Apr 10, 2025",,Frozen,15417.87
ACC-100717,500125,BR117,CD,US$,2023-05-08,,Active,47130.46
ACC-100108,500229,BR115,Checking,USD,2025-03-12,,Active,8855.45
ACC-100444,500571,BR106,Money Market,US$,"Mar 27, 2020",,Dormant,2661.72
ACC-100555,500319,BR107,Money Market,USD,13-08-2017,,Active,47684.65
ACC-100081,500595,BR107,CD,USD,2021-03-20,,Active,7016.3
ACC-100952,500475,BR102,Money Market,USD,20220725,,Active,73307.95
ACC-100714,500039,BR106,sAVINGS,USD,20250221,,Frozen,13526.73
ACC-100647,500024,BR106,Money Market,USD,07-06-2021,,Active,44306.56
ACC-100178,500372,BR113,Money Market,USD,01/18/2026,,Active,12251.91
ACC-100326,500641,BR111,Checking,USD,2019-02-27,23-03-2019,Closed,44135.06
ACC-100973,500159,BR113,Checking,US$,24-03-2025,,Active,15581.5
ACC-100481,500441,BR103,CD,USD,01/05/2025,,Active,80368.06
ACC-100158,500059,BR104,Checking,USD,2016-09-21,,Active,51885.52
ACC-100987,500347,BR113,Checking,USD,11/25/2021,,Dormant,35816.49
ACC-100430,500242,BR117,CD,USD,20180215,,Frozen,61649.38
ACC-100100,500041,BR108,Checking,USD,2019-03-27,,Active,23751.18
ACC-100651,500465,BR108,Checking,USD,2016-12-14,,Active,9567.85
ACC-100467,500069,BR111,CD,USD,"Dec 30, 2023",,Active,11835.91 usd
ACC-100943,500266,BR110,Savings,USD,2023-12-03,,Active,3510.61
ACC-100328,500387,BR113,sAVINGS,USD,2019-03-05,,active,5616.87
ACC-100518,500514,BR106,Checking,USD,2017-02-19,,Dormant,79702.41
ACC-100678,500554,BR115,Checking,USD,11-01-2024,,Active,65567.65
ACC-100915,500124,BR111,CD,USD,19-07-2022,,Active,27342.57
ACC-100871,500039,BR113,Checking,USD,2019-07-16,,Active,34188.71
ACC-101285,500135,BR117,Money Market,USD,28/03/2017,,active,57882.47
acc-100698,500462,BR107,Savings,USD,30/11/2018,,Active,22759.25
